critic_loss,duration,episode,episode_reward,step
0.08218299597501755,0.014999628067016602,136.0,10.0,4
0.05720024295151234,0.037999868392944336,137.0,10.0,14
0.02198166038013167,0.03500175476074219,138.0,9.0,23
0.004823401140787735,0.23399782180786133,139.0,58.0,81
-0.008265348125456108,0.2109999656677246,140.0,54.0,135
-0.013149341886961147,0.15000081062316895,141.0,38.0,173
-0.01966521320109432,0.1509997844696045,142.0,37.0,210
-0.018754490804093988,0.27700066566467285,143.0,67.0,277
-0.04234462095932527,0.282001256942749,144.0,66.0,343
-0.05296910364599623,0.6960015296936035,145.0,169.0,512
-0.10826385281060213,0.7109978199005127,146.0,162.0,674
-0.24549155549979523,1.2310023307800293,147.0,304.0,978
-0.3899985009577216,1.2959980964660645,148.0,205.0,1184
-0.541842329019756,0.6690001487731934,149.0,173.0,1357
-0.9524397138861397,1.5759997367858887,150.0,409.0,1766
-1.4063064462837132,0.34200119972229004,151.0,87.0,1853
-1.6630667590687418,0.44699931144714355,152.0,117.0,1970
-2.121127216492669,0.7980008125305176,153.0,118.0,2089
-2.5411367196303147,0.7609994411468506,154.0,195.0,2284
-2.8010705148472503,0.5280070304870605,155.0,136.0,2420
-4.1936032922962045,0.916999340057373,156.0,237.0,2657
-5.78971431573232,1.1520006656646729,157.0,300.0,2957
-6.906840108845332,0.5199999809265137,158.0,73.0,3031
-6.847392266796481,0.1210012435913086,159.0,31.0,3062
-7.181398669878642,0.04599928855895996,160.0,12.0,3074
-7.998790491640178,0.593001127243042,161.0,153.0,3227
-8.720673831303914,0.1159980297088623,162.0,30.0,3257
-9.446984583871407,0.44300031661987305,163.0,114.0,3371
-10.140738325119019,0.19999980926513672,164.0,50.0,3421
-9.943445205688477,0.05700206756591797,165.0,14.0,3435
-11.5271795678646,0.90799880027771,166.0,235.0,3670
-14.176467584400642,1.2689998149871826,167.0,328.0,3998
-15.532247929633419,0.5389995574951172,168.0,79.0,4078
-16.636500545169998,0.18500113487243652,169.0,46.0,4124
-17.384452438354494,0.38699984550476074,170.0,95.0,4219
-20.06192185084025,0.11699819564819336,171.0,30.0,4249
-19.37885584265499,0.4550018310546875,172.0,118.0,4367
-20.5013600254918,0.4289984703063965,173.0,111.0,4478
-23.88377805856558,0.9319989681243896,174.0,234.0,4712
-26.673552133703744,0.7340006828308105,175.0,186.0,4898
-27.70691676761793,1.2480010986328125,176.0,138.0,5037
-30.917804718017578,0.17399907112121582,177.0,44.0,5081
-29.161306690525365,0.8630001544952393,178.0,222.0,5303
-35.91695145087513,1.4849998950958252,179.0,369.0,5672
-40.59397688098982,0.9959990978240967,180.0,204.0,5876
-46.83930228201396,1.164001226425171,181.0,209.0,6086
-48.659820536977236,0.8189985752105713,182.0,194.0,6280
-53.9026065826416,0.039999961853027344,183.0,10.0,6290
-60.08586502075195,0.06499934196472168,184.0,16.0,6306
-55.27125263778416,1.329000473022461,185.0,338.0,6644
-63.03623922438849,0.8269972801208496,186.0,210.0,6854
-57.903392232259115,0.29600071907043457,187.0,75.0,6929
-69.68768769276294,0.896000862121582,188.0,158.0,7088
-71.94506017896865,0.37599897384643555,189.0,90.0,7178
-74.81486286148714,1.0490000247955322,190.0,261.0,7439
-84.52009861765345,0.632000207901001,191.0,153.0,7592
-83.3674669265747,0.09799981117248535,192.0,24.0,7616
-85.48161660707913,0.508028507232666,193.0,104.0,7720
-89.03674992152622,0.44299936294555664,194.0,105.0,7825
-95.72163557643212,1.2050015926361084,195.0,197.0,8023
-98.83848788691502,0.40399932861328125,196.0,102.0,8125
-91.18517802311824,0.10200166702270508,197.0,26.0,8151
-99.0217685819422,0.6419985294342041,198.0,159.0,8310
-101.06180900927411,0.6210012435913086,199.0,151.0,8461
-111.58532907586348,0.3969998359680176,200.0,95.0,8556
-110.70589360019616,0.483001708984375,201.0,114.0,8670
-119.00525008575826,0.6529979705810547,202.0,158.0,8828
-116.61683991530846,0.5820009708404541,203.0,145.0,8973
-129.66159760718253,1.005000114440918,204.0,153.0,9127
-134.05365710392178,0.4350001811981201,205.0,107.0,9234
-140.37476774436146,0.8259999752044678,206.0,199.0,9433
-136.79313373565674,0.38500070571899414,207.0,88.0,9521
-153.02915005080044,0.9070003032684326,208.0,229.0,9750
-154.47183742523194,0.32199859619140625,209.0,80.0,9830
-155.35889086677034,0.41699957847595215,210.0,103.0,9933
-161.95255058255546,1.3640003204345703,211.0,231.0,10165
-170.45261916673252,0.6970009803771973,212.0,173.0,10338
-180.62640241236468,0.6250019073486328,213.0,153.0,10491
-203.9705341685902,0.4640007019042969,214.0,110.0,10601
-203.81688514915672,0.6089975833892822,215.0,148.0,10749
-206.3040254096023,2.2679989337921143,216.0,476.0,11226
-216.3434212912976,0.5859997272491455,217.0,142.0,11368
-223.730170666332,0.8459992408752441,218.0,213.0,11581
-237.31023852030435,0.874000072479248,219.0,216.0,11797
-255.82024042534107,1.445000171661377,220.0,264.0,12062
-262.4505986015578,0.8389995098114014,221.0,207.0,12269
-297.3578692118327,0.4930000305175781,222.0,120.0,12389
-292.53430211474324,0.6869997978210449,223.0,171.0,12560
-287.38066587776973,0.9420011043548584,224.0,232.0,12792
-306.91350999221305,0.6399998664855957,225.0,153.0,12945
-319.8162601489376,1.3080003261566162,226.0,207.0,13153
-328.0771690001462,0.8490009307861328,227.0,187.0,13340
-336.9775514783968,1.1249988079071045,228.0,263.0,13603
-362.33723925624247,1.4080007076263428,229.0,311.0,13914
-363.48336050851003,0.9949989318847656,230.0,140.0,14055
-367.48050101143974,0.5160000324249268,231.0,105.0,14160
-412.94392719169974,0.8060002326965332,232.0,193.0,14353
-404.07178817256806,0.39299774169921875,233.0,93.0,14446
-392.6854009320659,0.5430009365081787,234.0,124.0,14570
-445.0244248334099,0.3549997806549072,235.0,85.0,14655
-418.41491848084985,0.5290019512176514,236.0,123.0,14778
-448.6118828667535,0.7929987907409668,237.0,180.0,14958
-461.1217525874343,0.7629997730255127,238.0,107.0,15066
-464.3296728735572,0.4649989604949951,239.0,111.0,15177
-464.5457134246826,0.4419999122619629,240.0,96.0,15273
-455.04426232162785,0.4050014019012451,241.0,98.0,15371
-499.1780326012338,0.4389991760253906,242.0,101.0,15472
-459.30043555508144,0.4909994602203369,243.0,119.0,15591
-512.3269965431907,0.3840007781982422,244.0,88.0,15679
-518.4627861312673,0.6480011940002441,245.0,158.0,15837
-498.4975069792374,1.2660009860992432,246.0,230.0,16068
-556.8039524507839,0.633997917175293,247.0,151.0,16219
-526.5309243804043,0.4500007629394531,248.0,103.0,16322
-568.6803037728836,0.2739982604980469,249.0,67.0,16389
-607.6667721396998,0.2329998016357422,250.0,57.0,16446
-578.3588344767942,0.505000114440918,251.0,118.0,16564
-566.0050138077646,0.4570016860961914,252.0,106.0,16670
-585.5985389122596,0.7239990234375,253.0,169.0,16839
-602.4803866801288,1.0179989337921143,254.0,177.0,17017
-661.3929075835854,0.39800047874450684,255.0,93.0,17110
-620.5487910865719,0.4930000305175781,256.0,117.0,17227
-652.7181967710837,0.6640026569366455,257.0,156.0,17383
-681.3437563139817,0.5069990158081055,258.0,116.0,17499
-699.0652006415911,0.3809993267059326,259.0,93.0,17592
-668.904530843099,0.34599947929382324,260.0,84.0,17676
-701.0466120793269,0.4779999256134033,261.0,117.0,17793
-714.0084569264043,0.6760015487670898,262.0,163.0,17956
-743.6799596838049,0.5669994354248047,263.0,74.0,18031
-703.6169018554688,0.45599961280822754,264.0,100.0,18131
-687.9193872305063,0.44699978828430176,265.0,104.0,18235
-703.9625015258789,0.31999635696411133,266.0,72.0,18307
-703.4594253912205,0.7130005359649658,267.0,164.0,18471
-796.4816919752388,0.51300048828125,268.0,121.0,18592
-813.1980121940967,0.6410002708435059,269.0,151.0,18743
-783.2307443057789,0.2889997959136963,270.0,68.0,18811
-832.2855764535757,0.3390011787414551,271.0,78.0,18889
-802.9994630451444,0.341998815536499,272.0,79.0,18968
-819.8056712986267,1.0780012607574463,273.0,194.0,19163
-816.5900450010557,0.32399845123291016,274.0,74.0,19237
-876.0250042787533,0.4679999351501465,275.0,97.0,19334
-835.587000462916,0.3430030345916748,276.0,77.0,19411
-868.6531002646998,0.35399913787841797,277.0,76.0,19487
-892.3822631835938,0.397000789642334,278.0,92.0,19579
-852.2004069010417,0.3450005054473877,279.0,75.0,19654
-884.7204974630605,0.2030010223388672,280.0,46.0,19700
-909.5510612693993,0.6259973049163818,281.0,148.0,19848
-951.7262610719915,0.5180017948150635,282.0,114.0,19962
-950.970828034157,0.8349995613098145,283.0,129.0,20092
-964.476548936632,0.26599907875061035,284.0,63.0,20155
-964.5716906888986,0.7669999599456787,285.0,162.0,20317
-982.3840979150979,0.36300086975097656,286.0,83.0,20400
-984.2722487229568,0.2839999198913574,287.0,65.0,20465
-1044.9054790296052,0.5809977054595947,288.0,133.0,20598
-1000.9697493213719,0.26600027084350586,289.0,59.0,20657
-1047.1172983712013,0.47699952125549316,290.0,109.0,20766
-1006.9097527398003,0.3840007781982422,291.0,90.0,20856
-1049.1628023523863,0.8929996490478516,292.0,147.0,21004
-1068.5018478393554,0.3399996757507324,293.0,80.0,21084
-1111.5701024672564,0.4500002861022949,294.0,102.0,21186
-1100.447881627966,0.22900080680847168,295.0,54.0,21240
-1145.639244748835,0.4949986934661865,296.0,114.0,21354
-1092.3288243305253,0.3930015563964844,297.0,83.0,21437
-1125.1860223067433,0.34000110626220703,298.0,76.0,21513
-1151.6015867624224,0.7109980583190918,299.0,161.0,21674
-1096.849683335248,0.37900352478027344,300.0,85.0,21759
-1156.7706788770195,0.6719987392425537,301.0,147.0,21906
-1239.3461322784424,0.2720019817352295,302.0,64.0,21970
-1267.2537916917067,0.5199978351593018,303.0,65.0,22036
-1208.120658062874,0.8500001430511475,304.0,188.0,22224
-1256.5364370194693,0.2720000743865967,305.0,63.0,22287
-1261.6534446433739,1.1989998817443848,306.0,270.0,22557
-1318.4967587119654,0.3510012626647949,307.0,76.0,22633
-1270.1628832135882,0.2539980411529541,308.0,56.0,22689
-1377.2663744549418,0.8040006160736084,309.0,172.0,22861
-1327.8611582163219,0.8629992008209229,310.0,148.0,23010
-1351.0255758846508,0.7430000305175781,311.0,170.0,23180
-1288.5050825639205,0.2870001792907715,312.0,66.0,23246
-1407.0111022949218,0.7870011329650879,313.0,180.0,23426
-1461.7606510024473,0.36099982261657715,314.0,83.0,23509
-1455.1439268822764,0.44499897956848145,315.0,102.0,23611
-1406.5440314797795,0.5389988422393799,316.0,119.0,23730
-1533.7955131530762,0.44100093841552734,317.0,96.0,23826
-1485.7252875434028,0.3689994812011719,318.0,81.0,23907
-1484.6391540527343,0.3840000629425049,319.0,80.0,23987
-1573.3580585186298,0.502000093460083,320.0,65.0,24053
-1557.5541597254137,0.31600189208984375,321.0,68.0,24121
-1563.3469223022462,0.3769986629486084,322.0,80.0,24201
-1508.687038845486,0.3099997043609619,323.0,63.0,24264
-1612.8586001188858,0.22600317001342773,324.0,46.0,24310
-1557.4785329182944,0.5719964504241943,325.0,120.0,24430
-1595.3234584077875,0.8839998245239258,326.0,188.0,24618
-1622.711171796245,0.2930002212524414,327.0,62.0,24680
-1654.7519938151042,0.6660001277923584,328.0,144.0,24824
-1580.8692427201704,0.24100089073181152,329.0,55.0,24879
-1644.602144129136,0.3170008659362793,330.0,68.0,24947
-1669.079057742388,0.570000171661377,331.0,78.0,25026
-1606.380739409348,0.25499844551086426,332.0,58.0,25084
-1695.7719874526515,0.4350008964538574,333.0,99.0,25183
-1825.0871686237615,0.41899871826171875,334.0,82.0,25265
-1724.5839961482789,1.866999626159668,335.0,197.0,25462
-1761.2515022667656,1.3089983463287354,336.0,137.0,25599
-1646.5451831054688,0.4680016040802002,337.0,50.0,25649
-1814.4332094545719,0.504000186920166,338.0,54.0,25703
-1825.2938720703125,0.8509995937347412,339.0,90.0,25793
-1843.7269423755247,1.26200270652771,340.0,134.0,25927
-1938.1335196358816,1.6629981994628906,341.0,140.0,26068
-1834.9340762732163,1.0279982089996338,342.0,106.0,26174
-1910.3059262134989,0.5880017280578613,343.0,61.0,26235
-1886.4328502308238,0.6650006771087646,344.0,66.0,26301
-1904.0522103658536,0.4069995880126953,345.0,41.0,26342
-1615.5108773367745,0.2700004577636719,346.0,28.0,26370
-1965.6371399785432,0.6860005855560303,347.0,71.0,26441
-2032.0345525568182,0.5339994430541992,348.0,55.0,26496
-1988.4138313455785,0.4499995708465576,349.0,47.0,26543
-1985.0064946954901,0.448000431060791,350.0,44.0,26587
-1964.944166045828,0.9269993305206299,351.0,97.0,26684
-1941.2284135084885,0.9869997501373291,352.0,104.0,26788
-1980.0916113759956,0.9720005989074707,353.0,102.0,26890
-1961.292689732143,0.4739990234375,354.0,49.0,26939
-2055.9077464916086,1.5840744972229004,355.0,108.0,27048
-2199.021702357701,0.27199816703796387,356.0,28.0,27076
-2154.629229606466,0.8899996280670166,357.0,94.0,27170
-2097.5458684957252,0.5119998455047607,358.0,53.0,27223
-2197.3675130208335,0.3149988651275635,359.0,33.0,27256
-2104.45766435103,2.113002061843872,360.0,220.0,27476
-2116.7170173891127,0.2999999523162842,361.0,31.0,27507
-2087.0942101111777,0.3970000743865967,362.0,39.0,27546
-2109.627653503418,0.8020033836364746,363.0,80.0,27626
-2260.654109202275,1.3969957828521729,364.0,147.0,27773
-2323.25267578125,0.48400163650512695,365.0,50.0,27823
-2197.818121189024,0.39099979400634766,366.0,41.0,27864
-2318.8067407852564,0.3960001468658447,367.0,39.0,27903
-2390.241372996363,0.570000171661377,368.0,58.0,27961
-2208.6847365806843,0.9599993228912354,369.0,58.0,28020
-2203.7100766664976,0.729001522064209,370.0,77.0,28097
-2227.710001627604,0.6769983768463135,371.0,72.0,28169
-2369.8618073640046,0.5369985103607178,372.0,54.0,28223
-2208.8445175379925,0.6899995803833008,373.0,73.0,28296
-2391.9201605902776,0.8560009002685547,374.0,90.0,28386
-2369.098583984375,0.4680006504058838,375.0,50.0,28436
-2328.2936655680337,0.4519989490509033,376.0,48.0,28484
-2283.004828559028,0.693000078201294,377.0,72.0,28556
-2360.014142237672,1.0480012893676758,378.0,109.0,28665
-2405.03664456881,1.4819984436035156,379.0,156.0,28821
-2498.7241429570895,0.6399979591369629,380.0,67.0,28888
-2559.1105513139205,0.428997278213501,381.0,44.0,28932
-2326.8337286086307,0.6129989624023438,382.0,63.0,28995
-2601.05390744093,0.839998722076416,383.0,41.0,29037
-2524.8805222284227,0.819000244140625,384.0,84.0,29121
-2702.69482421875,0.33100008964538574,385.0,35.0,29156
-2574.644788073255,0.7519998550415039,386.0,77.0,29233
-2546.0852850552264,1.1150000095367432,387.0,116.0,29349
-2757.1757873535157,0.38900113105773926,388.0,40.0,29389
-2638.8089396158853,0.5739989280700684,389.0,60.0,29449
-2592.2927561792835,1.1319992542266846,390.0,116.0,29565
-2594.7202499852037,1.3046302795410156,391.0,132.0,29697
-2715.5043982303505,0.6286816596984863,392.0,66.0,29763
-2640.6968122209823,0.5380487442016602,393.0,56.0,29819
-2746.182471264368,0.8452377319335938,394.0,87.0,29906
-2724.053984670928,0.6315736770629883,395.0,66.0,29972
-2782.0273673765123,0.696613073348999,396.0,31.0,30004
-2777.82236180161,0.6444597244262695,397.0,66.0,30070
-2763.795514275046,0.65045166015625,398.0,68.0,30138
-2926.630814855239,1.6979997158050537,399.0,170.0,30308
-2793.1704915364585,0.371326208114624,400.0,39.0,30347
-2899.0861388089365,1.6786813735961914,401.0,171.0,30518
-2927.724395409059,0.890326976776123,402.0,89.0,30607
-2870.6229642427884,1.2474429607391357,403.0,130.0,30737
-2938.823974609375,0.2579982280731201,404.0,27.0,30764
-2914.7348402491157,0.5060012340545654,405.0,53.0,30817
-2859.9314411122314,0.8909986019134521,406.0,93.0,30910
-2953.906429272343,2.5326287746429443,407.0,207.0,31118
-3143.330314515129,1.2253479957580566,408.0,126.0,31244
-2959.4957885742188,0.3834350109100342,409.0,40.0,31284
-3103.0048217773438,0.988736629486084,410.0,88.0,31372
-3164.410791015625,0.4790012836456299,411.0,50.0,31422
-3191.1212942940847,0.838860034942627,412.0,84.0,31506
-2999.208917025862,0.5616974830627441,413.0,58.0,31564
-3031.7772993607955,0.5309991836547852,414.0,55.0,31619
-3234.080936408191,1.5421082973480225,415.0,161.0,31780
-3119.5342475043403,0.3591320514678955,416.0,36.0,31816
-3262.9225630326705,0.5250701904296875,417.0,55.0,31871
-3199.4304367591594,0.27500152587890625,418.0,29.0,31900
-3216.8079384251646,0.5389993190765381,419.0,57.0,31957
-3056.9980289234836,1.1070008277893066,420.0,68.0,32026
-3365.869810446715,0.3731365203857422,421.0,39.0,32065
-3154.886661610705,0.45599961280822754,422.0,47.0,32112
-3171.179151965726,0.5941431522369385,423.0,62.0,32174
-3451.3856553819446,0.42599987983703613,424.0,45.0,32219
-3269.8162472226204,1.02699875831604,425.0,109.0,32328
-3366.33688228088,1.6200006008148193,426.0,169.0,32497
-3190.3457785866476,0.517000675201416,427.0,55.0,32552
-3545.4642965877756,1.6820003986358643,428.0,170.0,32722
-3427.1367065429686,0.8469481468200684,429.0,80.0,32802
-3512.7839435514857,0.6029236316680908,430.0,61.0,32863
-3615.4227542877197,1.2404141426086426,431.0,128.0,32991
-3563.065489477041,1.3169355392456055,432.0,98.0,33090
-3651.5411551339284,0.492999792098999,433.0,49.0,33139
-3682.825973510742,0.4799997806549072,434.0,48.0,33187
-3702.9226650661894,0.7039995193481445,435.0,72.0,33259
-3632.705252511161,0.39870381355285645,436.0,42.0,33301
-3770.5463230298915,0.4354102611541748,437.0,46.0,33347
-3589.573901073042,0.7911818027496338,438.0,83.0,33430
-3917.87372215758,0.4820828437805176,439.0,47.0,33477
-3742.700240652902,0.6909992694854736,440.0,70.0,33547
-3643.2086241395323,1.385118007659912,441.0,143.0,33690
-3687.9627383652555,0.9109933376312256,442.0,93.0,33783
-3923.368927001953,0.24000144004821777,443.0,24.0,33807
-3625.477306831174,0.4049983024597168,444.0,41.0,33848
-3747.404854910714,0.7943365573883057,445.0,84.0,33932
-3656.8565388997395,0.5730016231536865,446.0,60.0,33992
-3894.622769869291,0.7502522468566895,447.0,52.0,34045
-3794.3790658804087,0.518113374710083,448.0,52.0,34097
-3920.7013113839284,0.986100435256958,449.0,105.0,34202
-4357.378611845129,0.3195168972015381,450.0,34.0,34236
-3670.6005067567567,0.3529989719390869,451.0,37.0,34273
-4054.863640280331,0.32654738426208496,452.0,34.0,34307
-4007.5442215768912,0.7236108779907227,453.0,76.0,34383
-3971.9744380482457,0.5479989051818848,454.0,57.0,34440
-3984.691109035326,0.6610000133514404,455.0,69.0,34509
-4109.350279017857,0.6640801429748535,456.0,70.0,34579
-4247.266552734375,0.4759998321533203,457.0,50.0,34629
-3986.574123630276,0.7329981327056885,458.0,77.0,34706
-4211.437163910308,0.7428431510925293,459.0,77.0,34783
-4173.9296875,0.3860006332397461,460.0,39.0,34822
-4017.3055526069975,0.45299386978149414,461.0,46.0,34868
-4213.174586704799,0.8176510334014893,462.0,84.0,34952
-4189.367457463191,1.3550310134887695,463.0,104.0,35057
-4149.817985026041,0.5896530151367188,464.0,60.0,35117
-4378.964364510995,0.5120131969451904,465.0,54.0,35171
-4384.935242385007,0.8411393165588379,466.0,89.0,35260
-4278.647500527872,0.34599828720092773,467.0,37.0,35297
-4028.1293596540177,0.5939998626708984,468.0,63.0,35360
-4418.099359809028,0.42299914360046387,469.0,45.0,35405
-4298.361163961476,0.5580019950866699,470.0,58.0,35463
-4385.420186103145,1.4805669784545898,471.0,158.0,35621
-4199.884744783727,0.7820010185241699,472.0,82.0,35703
-4523.7667302312075,0.7009975910186768,473.0,74.0,35777
-4492.057824966755,0.4620039463043213,474.0,47.0,35824
-4481.68378081879,0.7285895347595215,475.0,77.0,35901
-4227.452442658253,0.36899900436401367,476.0,39.0,35940
-4938.052225748698,0.22999882698059082,477.0,24.0,35964
-4682.0364635836695,0.29199910163879395,478.0,31.0,35995
-4576.764409845526,1.6610007286071777,479.0,132.0,36128
-4586.112008642963,1.1920013427734375,480.0,127.0,36255
-4481.218234080188,0.501002311706543,481.0,53.0,36308
-4745.1878768257475,0.8619954586029053,482.0,92.0,36400
-4554.78565181903,0.6510956287384033,483.0,67.0,36467
-4635.617362780448,0.3969547748565674,484.0,39.0,36506
-4810.7402750651045,0.5949997901916504,485.0,60.0,36566
-4790.307397460938,0.39600086212158203,486.0,40.0,36606
-4943.846932652485,0.7971065044403076,487.0,83.0,36689
-4797.191256009615,0.3679983615875244,488.0,39.0,36728
-4858.4537734375,1.201000452041626,489.0,125.0,36853
-4714.5036002604165,0.7222583293914795,490.0,75.0,36928
-4938.152575370593,1.1128106117248535,491.0,78.0,37007
-4823.127182904412,1.3755035400390625,492.0,136.0,37143
-5044.363884571335,1.8494434356689453,493.0,191.0,37334
-5126.517290507278,0.7118256092071533,494.0,73.0,37407
-4786.619329637097,0.2921602725982666,495.0,31.0,37438
-5040.5740966796875,0.5377364158630371,496.0,56.0,37494
-5256.60977711397,0.6539998054504395,497.0,68.0,37562
-5210.491245202851,0.5409996509552002,498.0,57.0,37619
-5051.678546142578,0.7729997634887695,499.0,80.0,37699
-5163.259422508446,1.1100008487701416,500.0,111.0,37810
-5326.994466145833,0.43200063705444336,501.0,45.0,37855
-4979.783275462963,0.2860715389251709,502.0,27.0,37882
-5315.123132130457,0.6589925289154053,503.0,63.0,37945
-4948.361234624335,0.5115172863006592,504.0,47.0,37992
-5340.6747814360115,1.3021588325500488,505.0,84.0,38077
-5307.392433250344,0.8712775707244873,506.0,91.0,38168
-5326.788805509868,0.5467274188995361,507.0,57.0,38225
-5450.344352722168,0.6079986095428467,508.0,64.0,38289
-5390.315727233887,1.838001012802124,509.0,192.0,38481
-5515.450897034057,1.5849997997283936,510.0,167.0,38648
-5666.193824029738,0.6009993553161621,511.0,62.0,38710
-5415.390996427617,1.109001636505127,512.0,117.0,38827
-5517.285388764881,0.639000654220581,513.0,63.0,38890
-5577.12643569263,0.6299993991851807,514.0,67.0,38957
-5847.811801087622,0.9399988651275635,515.0,51.0,39009
-5598.393898292824,1.0259981155395508,516.0,108.0,39117
-5778.471094955633,0.7630021572113037,517.0,81.0,39198
-5642.707275390625,0.5690004825592041,518.0,60.0,39258
-5646.5421703441725,0.7289998531341553,519.0,74.0,39332
-5913.090603298611,0.437000036239624,520.0,45.0,39377
-5823.493955078125,0.4949977397918701,521.0,50.0,39427
-5585.3531174150485,1.01981782913208,522.0,103.0,39530
-6005.300236936476,1.17722749710083,523.0,122.0,39652
-5796.308913658405,0.5640006065368652,524.0,58.0,39710
-5740.2378957648025,0.5339996814727783,525.0,57.0,39767
-6075.138130519701,0.4330024719238281,526.0,46.0,39813
-6212.643443714489,0.20999979972839355,527.0,22.0,39835
-6351.740082611909,0.696000337600708,528.0,74.0,39909
-6177.9017526726975,0.3599982261657715,529.0,38.0,39947
-6517.9345703125,1.0240013599395752,530.0,64.0,40012
-6293.201185071791,0.3509995937347412,531.0,37.0,40049
-5984.629283787049,0.9399995803833008,532.0,97.0,40146
-6337.640811011905,0.8010013103485107,533.0,84.0,40230
-6400.316080729167,0.6909997463226318,534.0,72.0,40302
-6257.563977205301,0.7680003643035889,535.0,79.0,40381
-6656.349500868056,0.25699925422668457,536.0,27.0,40408
-6234.375176612367,0.44100165367126465,537.0,47.0,40455
-6177.092786634291,0.3540003299713135,538.0,37.0,40492
-6197.342135799632,0.7960000038146973,539.0,85.0,40577
-6223.350461269947,0.44500064849853516,540.0,47.0,40624
-6345.78284004407,0.382997989654541,541.0,39.0,40663
-6045.86599518532,0.4050016403198242,542.0,43.0,40706
-6255.800413269928,0.6499998569488525,543.0,69.0,40775
-6544.267402648926,0.6010005474090576,544.0,64.0,40839
-6455.4051357171475,1.1130023002624512,545.0,117.0,40956
-6662.649485518293,1.6749989986419678,546.0,123.0,41080
-6675.9828869047615,0.5900001525878906,547.0,63.0,41143
-6653.021276595745,0.9159982204437256,548.0,94.0,41237
-6581.585658482143,0.875,549.0,91.0,41328
-6666.882503255209,0.8470010757446289,550.0,90.0,41418
-6844.151635742188,0.3900001049041748,551.0,40.0,41458
-6769.703921110734,0.8821475505828857,552.0,92.0,41550
-6816.40533126028,0.7229998111724854,553.0,76.0,41626
-6866.363623903509,0.5819530487060547,554.0,57.0,41683
-7072.247930497086,1.826997995376587,555.0,193.0,41876
-7002.955336626838,0.32200145721435547,556.0,34.0,41910
-6992.055412879357,2.3229997158050537,557.0,208.0,42119
-6843.650251116072,0.3989989757537842,558.0,42.0,42161
-7442.613630022322,1.2470002174377441,559.0,133.0,42294
-7417.2398060581145,1.1030011177062988,560.0,114.0,42408
-6800.668330439815,0.265000581741333,561.0,27.0,42435
-7365.464612458882,0.4289989471435547,562.0,38.0,42473
-7069.863950376158,0.529000997543335,563.0,54.0,42527
-7679.488567483836,0.2709982395172119,564.0,29.0,42556
-7328.394712936047,0.8212897777557373,565.0,86.0,42642
-7699.858380353009,0.5180971622467041,566.0,54.0,42696
-7399.8909420657465,0.773104190826416,567.0,77.0,42773
-7640.8189486799565,0.27292966842651367,568.0,29.0,42802
-7537.358510785398,1.0694162845611572,569.0,113.0,42915
-7259.617625701122,0.7539975643157959,570.0,78.0,42993
-7409.049894205729,1.0217809677124023,571.0,60.0,43054
-7891.947860440341,0.5293595790863037,572.0,55.0,43109
-7614.8285603350905,0.7932724952697754,573.0,83.0,43192
-7713.0028255208335,0.730111837387085,574.0,75.0,43267
-7589.19722202846,0.5995125770568848,575.0,56.0,43323
-7393.737756529851,0.6390836238861084,576.0,67.0,43390
-7348.869027071221,0.41099977493286133,577.0,43.0,43433
-7859.184397299458,1.2070002555847168,578.0,127.0,43560
-7967.054917821344,0.5010025501251221,579.0,53.0,43613
-7849.5330466246,0.7529995441436768,580.0,78.0,43691
-7705.426816641566,0.7965805530548096,581.0,83.0,43774
-7693.093176055373,1.0739996433258057,582.0,114.0,43888
-8073.870035807292,3.8251163959503174,583.0,354.0,44243
-8109.525408063616,0.5459978580474854,584.0,56.0,44299
-8453.631533668155,0.399000883102417,585.0,42.0,44341
-8047.053887549867,0.44500136375427246,586.0,47.0,44388
-8279.391722125773,0.758000373840332,587.0,81.0,44469
-8539.103053977273,0.5170097351074219,588.0,55.0,44524
-8337.785116659628,0.3490002155303955,589.0,37.0,44561
-8538.712110832555,1.2835657596588135,590.0,134.0,44695
-8351.717725297096,0.668001651763916,591.0,71.0,44766
-8817.978279903018,1.0920004844665527,592.0,116.0,44882
-8733.365030317163,1.561999797821045,593.0,134.0,45017
-8834.636801509534,0.5610003471374512,594.0,59.0,45076
-8703.97047393176,0.9330015182495117,595.0,98.0,45174
-8367.171663851352,0.6939990520477295,596.0,74.0,45248
-8504.62594825634,0.6659970283508301,597.0,69.0,45317
-8891.292742473323,0.38500022888183594,598.0,41.0,45358
-8898.922994157909,1.0789999961853027,599.0,113.0,45471
-9246.824793836806,0.4439997673034668,600.0,45.0,45516
-8865.08512008102,1.2859971523284912,601.0,135.0,45651
-8807.16928205819,0.5560002326965332,602.0,58.0,45709
-8860.169016520182,0.9058544635772705,603.0,96.0,45805
-9110.800962936046,0.40800023078918457,604.0,43.0,45848
-9132.351455688477,0.9149987697601318,605.0,96.0,45944
-9133.062542769161,1.5990004539489746,606.0,137.0,46082
-9124.819708806817,1.5630011558532715,607.0,165.0,46247
-9559.445134480795,0.943000078201294,608.0,96.0,46343
-9174.729526253634,0.824009895324707,609.0,86.0,46429
-9549.987556966145,1.1390018463134766,610.0,120.0,46549
-9529.202948208513,1.1189994812011719,611.0,116.0,46665
-9038.996701798349,0.5100014209747314,612.0,53.0,46718
-9464.39050874256,0.3970015048980713,613.0,42.0,46760
-9528.90326665522,0.8759987354278564,614.0,91.0,46851
-9732.9984375,0.6089999675750732,615.0,65.0,46916
-10117.588634672618,0.39100098609924316,616.0,42.0,46958
-9494.384703621032,1.0789999961853027,617.0,63.0,47022
-9918.316710069445,0.42099905014038086,618.0,45.0,47067
-9988.39413016183,0.5199999809265137,619.0,56.0,47123
-9644.51957807149,1.3670029640197754,620.0,146.0,47269
-9961.054891397665,0.8649992942810059,621.0,91.0,47360
-9761.62385559082,0.6019997596740723,622.0,64.0,47424
-10386.660319010416,0.28600025177001953,623.0,30.0,47454
-10127.425218370227,1.3635811805725098,624.0,144.0,47598
-10035.839172363281,0.45799899101257324,625.0,48.0,47646
-10035.812244233632,0.4005875587463379,626.0,42.0,47688
-9930.312091764856,1.1713833808898926,627.0,122.0,47810
-10365.260033392136,0.5959548950195312,628.0,62.0,47872
-10483.30607786017,0.5580053329467773,629.0,59.0,47931
-10661.602939293032,3.3229176998138428,630.0,305.0,48237
-11331.511341441761,0.41899871826171875,631.0,44.0,48281
-10436.651875535103,2.788210153579712,632.0,292.0,48573
-10856.19418092758,0.5930006504058838,633.0,63.0,48636
-10484.425034081376,1.418945074081421,634.0,149.0,48785
-10331.919956341912,0.8027853965759277,635.0,85.0,48870
-10950.785063244048,0.7993335723876953,636.0,84.0,48954
-11123.136238219246,1.0154716968536377,637.0,63.0,49018
-11307.84861680328,0.6106843948364258,638.0,61.0,49079
-11334.034656954887,1.2668671607971191,639.0,133.0,49212
-11133.642604166667,0.7180712223052979,640.0,75.0,49287
-10517.973176033267,0.5967261791229248,641.0,62.0,49349
-10928.914388020834,0.33699846267700195,642.0,36.0,49385
-11182.188703125,1.1650137901306152,643.0,125.0,49510
-11355.55299613402,0.9109992980957031,644.0,97.0,49607
-11227.021985176281,0.7469995021820068,645.0,78.0,49685
-11068.743775345896,1.2450006008148193,646.0,131.0,49816
-11354.386795343138,0.48399853706359863,647.0,51.0,49867
-11307.874104817709,0.4529991149902344,648.0,48.0,49915
-11667.807479319852,0.8285644054412842,649.0,85.0,50000
-11825.817740091463,0.7661828994750977,650.0,41.0,50042
-11278.61328125,0.4585700035095215,651.0,48.0,50090
-11704.431201171876,0.39099907875061035,652.0,40.0,50130
-12282.697285554847,0.46008920669555664,653.0,49.0,50179
-11642.2908203125,0.669989824295044,654.0,70.0,50249
-11996.308553059896,0.4535965919494629,655.0,48.0,50297
-11466.284109933036,1.180999517440796,656.0,126.0,50423
-12011.701878004807,0.6099984645843506,657.0,65.0,50488
-12038.185837518602,0.7930002212524414,658.0,84.0,50572
-11892.476083431604,1.0010032653808594,659.0,106.0,50678
-12143.208702256945,1.270914077758789,660.0,135.0,50813
-12825.659440104168,0.41809797286987305,661.0,45.0,50858
-12033.635029871324,0.7981400489807129,662.0,85.0,50943
-11685.1291015625,0.18600034713745117,663.0,20.0,50963
-12642.94179095644,1.0979998111724854,664.0,66.0,51030
-12610.040159254808,0.6106457710266113,665.0,65.0,51095
-12285.66755756579,0.8905370235443115,666.0,95.0,51190
-13096.694683527543,0.5530009269714355,667.0,59.0,51249
-12671.602183948864,0.5182929039001465,668.0,55.0,51304
-12639.250289601294,1.366241216659546,669.0,145.0,51449
-12728.131265470298,1.93428373336792,670.0,202.0,51651
-13082.460205078125,0.5279996395111084,671.0,56.0,51707
-12783.145889945652,0.42799901962280273,672.0,46.0,51753
-12832.6568359375,1.2689993381500244,673.0,135.0,51888
-12481.198635840601,1.604736328125,674.0,129.0,52018
-13405.095929827008,0.5299992561340332,675.0,56.0,52074
-13182.544937375993,0.6010153293609619,676.0,63.0,52137
-12580.04322783801,0.46700191497802734,677.0,49.0,52186
-13165.122596153846,0.507943868637085,678.0,52.0,52238
-12890.025645380434,0.6499981880187988,679.0,69.0,52307
-12953.11612079327,0.6105763912200928,680.0,65.0,52372
-13319.843674879809,0.4849984645843506,681.0,52.0,52424
-13745.499342315052,0.4570028781890869,682.0,49.0,52473
-13931.58229932598,0.48999524116516113,683.0,51.0,52524
-12873.385733840812,1.1209988594055176,684.0,117.0,52641
-12673.758618551587,0.6090009212493896,685.0,63.0,52704
-14010.469545717593,0.7740015983581543,686.0,81.0,52785
-13979.78123542444,0.6479995250701904,687.0,67.0,52852
-13468.928609739314,2.215001106262207,688.0,193.0,53046
-13949.46609061105,1.0886201858520508,689.0,112.0,53158
-14308.3310546875,0.41558051109313965,690.0,44.0,53202
-13542.801419005102,0.4589989185333252,691.0,49.0,53251
-14656.67724609375,0.5269992351531982,692.0,56.0,53307
-14671.743107450182,0.6520018577575684,693.0,69.0,53376
-14672.64391942771,0.7760009765625,694.0,83.0,53459
-14241.592848557691,0.3680000305175781,695.0,39.0,53498
-14137.70287154103,1.2485179901123047,696.0,131.0,53629
-14066.186856897866,1.1691069602966309,697.0,123.0,53752
-14210.646420487734,1.0350000858306885,698.0,107.0,53859
-14074.703314887152,0.6970438957214355,699.0,72.0,53931
-14427.893176663307,1.5896704196929932,700.0,124.0,54056
-15145.970746527777,0.42800235748291016,701.0,45.0,54101
-14773.381416106893,1.0090007781982422,702.0,107.0,54208
-14706.00675201416,1.2169981002807617,703.0,128.0,54336
-14538.101645259534,0.5589990615844727,704.0,59.0,54395
-14913.33353464227,0.7200033664703369,705.0,76.0,54471
-14587.5083984375,0.6209983825683594,706.0,65.0,54536
-15558.836321721312,0.5839040279388428,707.0,61.0,54597
-14487.918069773707,0.2759990692138672,708.0,29.0,54626
-14861.26114106514,0.674572229385376,709.0,71.0,54697
-15160.351538681403,0.3896768093109131,710.0,41.0,54738
-15206.811416625977,1.207289457321167,711.0,128.0,54866
-14720.16261888587,0.43007612228393555,712.0,46.0,54912
-15673.167062952898,0.6715998649597168,713.0,69.0,54981
-14453.223775227865,0.8160014152526855,714.0,48.0,55030
-15725.602808115435,1.879857063293457,715.0,196.0,55226
-15595.931755514706,0.4827432632446289,716.0,51.0,55277
-15445.263997395834,0.5893735885620117,717.0,60.0,55337
-15577.873159123563,0.8296282291412354,718.0,87.0,55424
-15605.129196893602,0.8060946464538574,719.0,84.0,55508
-15860.46095207556,0.624000072479248,720.0,67.0,55575
-16093.662650240385,0.6080241203308105,721.0,65.0,55640
-16156.746264260913,0.5949993133544922,722.0,63.0,55703
-15370.481230945123,0.3829996585845947,723.0,41.0,55744
-15019.958484184452,0.38401174545288086,724.0,41.0,55785
-15982.463440801057,0.6719996929168701,725.0,71.0,55856
-16482.051313920456,0.732999324798584,726.0,77.0,55933
-15950.87640625,1.0843334197998047,727.0,75.0,56009
-15943.839344113372,0.40999889373779297,728.0,43.0,56052
-16382.712643045774,0.6820011138916016,729.0,71.0,56123
-16487.865445006126,0.9589986801147461,730.0,102.0,56225
-16496.7310437354,1.0109994411468506,731.0,107.0,56332
-16630.51714564732,0.6667098999023438,732.0,70.0,56402
-16309.054319976478,0.8779983520507812,733.0,93.0,56495
-16830.89579788057,0.9579999446868896,734.0,101.0,56596
-15997.85122680664,0.6049985885620117,735.0,64.0,56660
-16462.28173828125,0.5146012306213379,736.0,52.0,56712
-17248.337791553444,0.6715342998504639,737.0,69.0,56781
-16768.18097729953,0.5091986656188965,738.0,53.0,56834
-16612.112277307242,1.0199995040893555,739.0,107.0,56941
-16782.953919491527,1.6527884006500244,740.0,118.0,57060
-15921.645827996927,0.5917446613311768,741.0,61.0,57121
-16958.227864583332,0.4930093288421631,742.0,51.0,57172
-17419.436423277242,0.7449989318847656,743.0,78.0,57250
-16706.896455652575,0.32400012016296387,744.0,34.0,57284
-17860.499733664772,0.7419750690460205,745.0,77.0,57361
-17993.79851740057,0.6248610019683838,746.0,66.0,57427
-17665.551686356706,0.3915863037109375,747.0,41.0,57468
-16286.974283854166,0.31600022315979004,748.0,33.0,57501
-17458.995960202992,0.7475783824920654,749.0,117.0,57618
-18130.51120057398,0.2779996395111084,750.0,49.0,57667
-17340.47349877451,0.33100056648254395,751.0,51.0,57718
-17659.023182744564,0.37799930572509766,752.0,69.0,57787
-18012.861241319446,0.2199993133544922,753.0,45.0,57832
-17049.598307291668,0.26399970054626465,754.0,57.0,57889
-17358.459577287947,0.25500059127807617,755.0,56.0,57945
-17855.217752921482,1.267000436782837,756.0,238.0,58184
-17638.2568359375,0.23399972915649414,757.0,52.0,58236
-17680.810260416667,0.3399996757507324,758.0,75.0,58311
-18185.19546833444,0.4609990119934082,759.0,94.0,58405
-18149.158121744793,0.11800026893615723,760.0,24.0,58429
-18253.079518229166,0.36099815368652344,761.0,75.0,58504
-18381.63048800616,0.31600022315979004,762.0,71.0,58575
-18592.587085389256,0.2579982280731201,763.0,57.0,58632
-18299.12882915296,0.17000079154968262,764.0,38.0,58670
-18334.91203425481,0.2889997959136963,765.0,65.0,58735
-18426.21296938004,0.2759997844696045,766.0,62.0,58797
-17758.850561824845,0.7201693058013916,767.0,162.0,58959
-18648.13647712629,0.6564300060272217,768.0,97.0,59057
-18863.570856408227,0.37160730361938477,769.0,79.0,59136
-18633.84535630841,0.4809997081756592,770.0,107.0,59243
-18445.570078125,0.22458124160766602,771.0,50.0,59293
-18634.171693313954,0.19499969482421875,772.0,43.0,59336
-19906.102158368645,0.26199960708618164,773.0,59.0,59395
-19443.94581035539,0.23600006103515625,774.0,51.0,59446
-19802.236653645832,0.32700037956237793,775.0,72.0,59518
-19747.306640625,0.3060016632080078,776.0,68.0,59586
-19437.040954589844,0.1459980010986328,777.0,32.0,59618
-19339.518408203126,0.5420002937316895,778.0,120.0,59738
-19553.6211231203,0.6029994487762451,779.0,133.0,59871
-19916.602847450657,0.17100071907043457,780.0,38.0,59909
-20149.91249047256,0.1849985122680664,781.0,41.0,59950
-19847.91778790509,0.38299989700317383,782.0,54.0,60005
-19703.945390625,0.4519999027252197,783.0,100.0,60105
-19749.109321489726,0.3260014057159424,784.0,73.0,60178
-20272.691755022322,0.2539987564086914,785.0,56.0,60234
-19864.174158653845,0.29900026321411133,786.0,65.0,60299
-19849.075541834678,0.2740001678466797,787.0,62.0,60361
-20383.221956983023,0.3690001964569092,788.0,81.0,60442
-20288.772241485254,0.812000036239624,789.0,178.0,60620
-20015.058640252977,0.19500041007995605,790.0,42.0,60662
-20411.6643359375,0.23400139808654785,791.0,50.0,60712
-19974.136484375,0.3509974479675293,792.0,75.0,60787
-19583.163039434523,0.21000194549560547,793.0,42.0,60829
-20867.90152138158,0.5260002613067627,794.0,114.0,60943
-20317.726143973214,0.25600171089172363,795.0,56.0,60999
-20654.46343568314,0.5599350929260254,796.0,86.0,61086
-21469.648864746094,0.30780863761901855,797.0,64.0,61150
-21006.922537076272,0.2710001468658447,798.0,59.0,61209
-21429.11958705357,0.17299938201904297,799.0,35.0,61244
-20734.082605698528,0.24900078773498535,800.0,51.0,61295
-20788.61738679847,0.23059964179992676,801.0,49.0,61344
-21349.00718196358,0.6085789203643799,802.0,127.0,61471
-21607.217923677883,0.2369997501373291,803.0,52.0,61523
-21796.31769353693,0.20300006866455078,804.0,44.0,61567
-21833.998098727876,0.544999361038208,805.0,113.0,61680
-21131.669160487287,0.2890002727508545,806.0,59.0,61739
-21742.013671875,0.25499749183654785,807.0,53.0,61792
-22022.8189727531,0.6179225444793701,808.0,121.0,61913
-21832.19925704657,0.24000120162963867,809.0,51.0,61964
-21956.299408783783,0.5040004253387451,810.0,74.0,62039
-21720.962467055724,0.3836023807525635,811.0,83.0,62122
-21225.630699936224,0.2200014591217041,812.0,49.0,62171
-23028.59792564655,0.26199865341186523,813.0,58.0,62229
-21418.98138552296,0.21899962425231934,814.0,49.0,62278
-21783.913927801725,0.3930034637451172,815.0,87.0,62365
-22136.481631324405,0.19699931144714355,816.0,42.0,62407
-23306.464326746325,0.464998722076416,817.0,102.0,62509
-22222.998726222828,0.5370011329650879,818.0,115.0,62624
-22302.778785342263,0.20199871063232422,819.0,42.0,62666
-22725.35756928066,0.2460010051727295,820.0,53.0,62719
-21885.318096454328,0.24399876594543457,821.0,52.0,62771
-22256.16296073718,0.5829911231994629,822.0,117.0,62888
-22441.366637323943,0.35785984992980957,823.0,71.0,62959
-22722.10280299831,0.5251471996307373,824.0,74.0,63034
-22659.90705265411,0.34194326400756836,825.0,73.0,63107
-22776.086336096938,0.2261371612548828,826.0,49.0,63156
-22624.43017289201,0.7821471691131592,827.0,169.0,63325
-22321.859544836956,0.4250004291534424,828.0,92.0,63417
-24170.879743303572,0.6029987335205078,829.0,133.0,63550
-22932.36593191964,0.3780028820037842,830.0,84.0,63634
-23109.12,0.21900272369384766,831.0,50.0,63684
-23600.537670378988,0.4380009174346924,832.0,94.0,63778
-23627.109720552886,0.5859997272491455,833.0,130.0,63908
-24704.197648590685,0.22999811172485352,834.0,51.0,63959
-23744.56927614796,0.3845975399017334,835.0,49.0,64009
-24416.819187330162,0.41499972343444824,836.0,92.0,64101
-23887.487253289473,0.25899839401245117,837.0,57.0,64158
-23988.464003164558,0.3600003719329834,838.0,79.0,64237
-24547.365194515307,0.22900080680847168,839.0,49.0,64286
-24124.891201331968,0.5559990406036377,840.0,122.0,64408
-24959.50754310345,0.27100372314453125,841.0,58.0,64466
-25175.27478966346,0.3529963493347168,842.0,78.0,64544
-25153.16773623512,0.18799996376037598,843.0,42.0,64586
-25401.73133433949,0.41458964347839355,844.0,88.0,64674
-24851.226407490078,0.29381656646728516,845.0,63.0,64737
-24413.8294213219,0.5280740261077881,846.0,113.0,64850
-25118.553271484376,0.25300073623657227,847.0,40.0,64890
-25569.527855282737,0.21261167526245117,848.0,42.0,64932
-25064.896710824276,0.5418140888214111,849.0,69.0,65002
-24883.94538762019,0.40389513969421387,850.0,78.0,65080
-25270.672526041668,0.4545121192932129,851.0,99.0,65179
-23707.814453125,0.3513782024383545,852.0,79.0,65258
-25154.772775697315,1.1084370613098145,853.0,242.0,65500
-26331.911775914636,0.1900012493133545,854.0,41.0,65541
-26582.032023879718,0.24000191688537598,855.0,53.0,65594
-25284.110615305657,0.6232452392578125,856.0,137.0,65731
-26081.634148848683,0.2649986743927002,857.0,57.0,65788
-24948.066453887193,0.18999958038330078,858.0,41.0,65829
-25330.63331330128,0.3549773693084717,859.0,78.0,65907
-26301.979397123894,0.7362687587738037,860.0,113.0,66021
-25269.26730872845,0.6813559532165527,861.0,145.0,66166
-25756.067832880435,0.5133905410766602,862.0,115.0,66281
-27009.116943359375,0.2169966697692871,863.0,48.0,66329
-26502.621176276407,0.32700300216674805,864.0,71.0,66400
-27037.34314236111,0.21499848365783691,865.0,45.0,66445
-25606.932950647864,0.37999868392944336,866.0,82.0,66527
-25563.469381009614,0.30099916458129883,867.0,65.0,66592
-26436.153814621914,0.36500000953674316,868.0,81.0,66673
-26385.25241657839,0.2779996395111084,869.0,59.0,66732
-27314.97578125,0.2720000743865967,870.0,60.0,66792
-26948.512281013256,0.3085143566131592,871.0,66.0,66858
-27117.79428205819,0.267000675201416,872.0,58.0,66916
-27744.03879123264,0.3279991149902344,873.0,72.0,66988
-26958.328486689814,0.4361145496368408,874.0,54.0,67043
-27672.101811835106,0.20999979972839355,875.0,47.0,67090
-27279.15070064484,0.28499722480773926,876.0,63.0,67153
-24448.628144054877,0.18300223350524902,877.0,41.0,67194
-26863.163497740963,0.3829989433288574,878.0,83.0,67277
-27058.189132462685,0.3040003776550293,879.0,67.0,67344
-27883.8744140625,0.27700233459472656,880.0,60.0,67404
-28038.97882199755,0.24300050735473633,881.0,51.0,67455
-27957.010639391447,0.17699909210205078,882.0,38.0,67493
-27723.472586495536,0.26399946212768555,883.0,56.0,67549
-28407.711758378624,0.3359999656677246,884.0,69.0,67618
-27742.713697350544,0.4230008125305176,885.0,92.0,67710
-27783.682832362287,0.2869999408721924,886.0,59.0,67769
-27447.75788620283,0.24399876594543457,887.0,53.0,67822
-28251.422585227272,0.31799960136413574,888.0,66.0,67888
-29751.99636627907,0.20199871063232422,889.0,43.0,67931
-29250.3994140625,0.20899653434753418,890.0,46.0,67977
-28439.56224330357,0.9769999980926514,891.0,175.0,68153
-28984.849832589287,0.16001510620117188,892.0,35.0,68188
-28841.8798828125,0.17449140548706055,893.0,38.0,68226
-27294.17434985017,0.7023522853851318,894.0,146.0,68372
-28673.486909906915,0.22800016403198242,895.0,47.0,68419
-28849.601628707627,0.535923957824707,896.0,118.0,68537
-28054.970025510203,0.2349257469177246,897.0,49.0,68586
-28861.418768454725,0.6078500747680664,898.0,127.0,68713
-29095.54135131836,0.3019990921020508,899.0,64.0,68777
-28715.71076388889,0.21205735206604004,900.0,45.0,68822
-29488.985627003207,0.18200087547302246,901.0,39.0,68861
-30259.576120476973,0.34599924087524414,902.0,76.0,68937
-28361.014670138888,0.20199871063232422,903.0,45.0,68982
-30378.093048878207,0.6950376033782959,904.0,117.0,69100
-30212.69551964962,0.3230009078979492,905.0,66.0,69166
-30299.790261787282,0.2719998359680176,906.0,57.0,69223
-29494.300246710525,0.43200087547302246,907.0,95.0,69318
-29948.01144205729,0.5669991970062256,908.0,120.0,69438
-30237.81427951389,0.21400022506713867,909.0,45.0,69483
-32088.52043269231,0.1770000457763672,910.0,39.0,69522
-31699.34625400641,0.1789991855621338,911.0,39.0,69561
-29821.926470588234,0.23900127410888672,912.0,51.0,69612
-31857.265385841838,0.22600102424621582,913.0,49.0,69661
-30842.867915134804,0.2349996566772461,914.0,51.0,69712
-29617.22123822774,0.3286755084991455,915.0,73.0,69785
-30354.777012711864,0.2771146297454834,916.0,59.0,69844
-32327.86906008376,0.4841439723968506,917.0,97.0,69941
-31468.533423639114,0.5010874271392822,918.0,62.0,70004
-31022.501621462263,0.2579996585845947,919.0,53.0,70057
-29231.268277751864,0.3209993839263916,920.0,67.0,70124
-29479.564869364753,0.27700018882751465,921.0,61.0,70185
-31355.313213641828,0.2365560531616211,922.0,52.0,70237
-30949.722536670917,0.22362446784973145,923.0,49.0,70286
-31993.18543084777,0.5002760887145996,924.0,101.0,70387
-30982.93201462766,0.23588204383850098,925.0,47.0,70434
-32104.94033787393,0.5423729419708252,926.0,117.0,70551
-31519.35160590278,0.4235391616821289,927.0,90.0,70641
-31646.59956781915,0.2569117546081543,928.0,47.0,70688
-32283.404264322915,0.5677709579467773,929.0,120.0,70808
-32645.903008643618,0.22269177436828613,930.0,47.0,70855
-32266.097301136364,0.25948405265808105,931.0,55.0,70910
-31471.074552210364,0.18598031997680664,932.0,41.0,70951
-32533.097930372805,0.39377260208129883,933.0,57.0,71009
-33480.758831521736,0.20898962020874023,934.0,46.0,71055
-32767.676689040494,0.6639366149902344,935.0,142.0,71197
-33499.37582465278,0.2146766185760498,936.0,45.0,71242
-34203.38810221354,0.22330594062805176,937.0,48.0,71290
-32258.965791590075,0.310211181640625,938.0,68.0,71358
-31816.614322916666,0.20955729484558105,939.0,45.0,71403
-33418.12270883413,0.25422024726867676,940.0,52.0,71455
-34358.791638962764,0.22728753089904785,941.0,47.0,71502
-35636.222905585106,0.22454285621643066,942.0,47.0,71549
-32223.3341796875,0.1831223964691162,943.0,40.0,71589
-33590.83233762255,0.23960161209106445,944.0,51.0,71640
-33182.3840432363,0.33101892471313477,945.0,73.0,71713
-32939.51165471312,0.27485132217407227,946.0,61.0,71774
-33341.37661210317,0.3001091480255127,947.0,63.0,71837
-33477.43575465425,0.2228403091430664,948.0,47.0,71884
-33801.88513513513,0.17800164222717285,949.0,37.0,71921
-33873.588169642855,0.825162410736084,950.0,133.0,72055
-30988.194645579268,0.1966722011566162,951.0,41.0,72096
-33380.61767578125,0.19495439529418945,952.0,40.0,72136
-34390.03512524802,0.2969675064086914,953.0,63.0,72199
-32478.57879083807,0.19402766227722168,954.0,44.0,72243
-35523.77502111487,0.16688323020935059,955.0,37.0,72280
-36287.014182692306,0.3057243824005127,956.0,65.0,72345
-34192.66840977823,0.28699827194213867,957.0,62.0,72407
-34696.35237379808,0.287001371383667,958.0,65.0,72472
-34366.143378586065,0.2839994430541992,959.0,61.0,72533
-34314.53402549342,0.4250001907348633,960.0,95.0,72628
-35317.862802181604,0.23799848556518555,961.0,53.0,72681
-34563.12721488402,0.4530000686645508,962.0,97.0,72778
-35574.34348516949,0.26400089263916016,963.0,59.0,72837
-35888.27809942336,0.909564733505249,964.0,168.0,73006
-34326.03262867647,0.22999978065490723,965.0,51.0,73057
-34357.648310122284,0.20599985122680664,966.0,46.0,73103
-34654.27191840278,0.20499944686889648,967.0,45.0,73148
-37042.2681568287,0.24500155448913574,968.0,54.0,73202
-35859.43832236842,0.1699991226196289,969.0,38.0,73240
-34388.97225413603,0.1530001163482666,970.0,34.0,73274
-35505.2955005787,0.24400043487548828,971.0,54.0,73328
-34823.20352711397,0.30300164222717285,972.0,68.0,73396
-36751.53993389423,0.2929997444152832,973.0,65.0,73461
-38754.5243733724,0.21300315856933594,974.0,48.0,73509
-36046.850413602944,0.391998291015625,975.0,85.0,73594
-35756.71308117378,0.18599724769592285,976.0,41.0,73635
-37361.40764508928,0.16100001335144043,977.0,35.0,73670
-35872.19665115871,0.4049999713897705,978.0,89.0,73759
-35764.764436141304,0.2070002555847168,979.0,46.0,73805
-35790.23940972222,0.2069997787475586,980.0,45.0,73850
-36085.98359375,0.1810002326965332,981.0,40.0,73890
-36746.43887867647,0.3009984493255615,982.0,68.0,73958
-36744.23113922575,0.4329996109008789,983.0,67.0,74026
-36629.13627929687,0.36099982261657715,984.0,80.0,74106
-36232.48463675902,0.4460022449493408,985.0,97.0,74203
-35824.390459480936,0.2745814323425293,986.0,59.0,74262
-38736.60038248698,0.22600197792053223,987.0,48.0,74310
-34445.955034722225,0.2089989185333252,988.0,45.0,74355
-36824.28322849026,0.38900160789489746,989.0,77.0,74432
-37907.83182779948,0.24699854850769043,990.0,48.0,74480
-35229.76940104167,0.29560208320617676,991.0,60.0,74540
-37442.7424454599,0.48000025749206543,992.0,106.0,74646
-36594.34725560898,0.17400121688842773,993.0,39.0,74685
-37749.75043402778,0.2109987735748291,994.0,45.0,74730
-39559.91495768229,0.21499967575073242,995.0,48.0,74778
-37078.9248046875,0.20400118827819824,996.0,44.0,74822
-38388.91049592391,0.33699989318847656,997.0,69.0,74891
-38855.78620328608,0.4759984016418457,998.0,97.0,74988
-36676.54123263889,0.34599876403808594,999.0,36.0,75025
-37456.44937983248,0.451000452041626,1000.0,97.0,75122
-38872.09137228261,0.21199917793273926,1001.0,46.0,75168
-41128.31297218407,0.42731356620788574,1002.0,91.0,75259
-39535.63491586538,0.30899953842163086,1003.0,65.0,75324
-38323.839302289605,0.5040006637573242,1004.0,101.0,75425
-37816.360877403844,0.30699968338012695,1005.0,65.0,75490
-39839.23140625,0.3449990749359131,1006.0,75.0,75565
-39668.536569148935,0.21425962448120117,1007.0,47.0,75612
-40241.11254222973,0.1720123291015625,1008.0,37.0,75649
-40088.96889204546,0.2507803440093994,1009.0,55.0,75704
-39109.47818688119,0.45242953300476074,1010.0,101.0,75805
-38256.518016581635,0.21750307083129883,1011.0,49.0,75854
-37765.87412546642,0.30100011825561523,1012.0,67.0,75921
-40189.73093377976,0.18983078002929688,1013.0,42.0,75963
-38511.737834821426,0.19662094116210938,1014.0,35.0,75998
-41072.275353773584,0.38025951385498047,1015.0,53.0,76052
-41613.0728515625,0.18399953842163086,1016.0,40.0,76092
-40202.355259486605,0.2575821876525879,1017.0,56.0,76148
-39697.634588068184,0.19993829727172852,1018.0,44.0,76192
-38320.80106707317,0.40030407905578613,1019.0,82.0,76274
-40219.522148058255,0.5117471218109131,1020.0,103.0,76377
-40282.73387632979,0.21810531616210938,1021.0,47.0,76424
-39003.1109375,0.21156978607177734,1022.0,45.0,76469
-41357.69158653846,0.31223559379577637,1023.0,65.0,76534
-40581.093500664894,0.22460532188415527,1024.0,47.0,76581
-42853.485174005684,0.19901823997497559,1025.0,44.0,76625
-41411.631478658535,0.1981062889099121,1026.0,41.0,76666
-41932.316789215685,0.2329564094543457,1027.0,51.0,76717
-43325.26226699561,0.26297855377197266,1028.0,57.0,76774
-37272.63721955128,0.18899893760681152,1029.0,39.0,76813
-40190.01721191406,0.2931332588195801,1030.0,64.0,76877
-40644.88142213983,0.2836925983428955,1031.0,59.0,76936
-40925.59975228659,0.2030022144317627,1032.0,41.0,76977
-39824.58732199367,0.5213115215301514,1033.0,79.0,77057
-40355.33550347222,0.2089993953704834,1034.0,45.0,77102
-40929.38359375,0.16154813766479492,1035.0,35.0,77137
-41866.05047487745,0.22553610801696777,1036.0,51.0,77188
-40725.68570523649,0.3300004005432129,1037.0,74.0,77262
-41900.70414806547,0.1919996738433838,1038.0,42.0,77304
-40908.2611060049,0.2577633857727051,1039.0,51.0,77355
-43989.23917643229,0.22478747367858887,1040.0,48.0,77403
-42596.388671875,0.20319652557373047,1041.0,40.0,77443
-41589.74634576613,0.1461009979248047,1042.0,31.0,77474
-42489.47302827381,0.192549467086792,1043.0,42.0,77516
-41793.49897693453,0.18993496894836426,1044.0,42.0,77558
-45094.02702702703,0.1661241054534912,1045.0,37.0,77595
-43772.64069120763,0.2677266597747803,1046.0,59.0,77654
-46980.482328869046,0.2941429615020752,1047.0,63.0,77717
-41698.998819040695,0.2024242877960205,1048.0,43.0,77760
-44073.51217447917,0.28281378746032715,1049.0,60.0,77820
-42184.41429227941,0.16069722175598145,1050.0,34.0,77854
-45438.59903492647,0.15899968147277832,1051.0,34.0,77888
-38306.86486816406,0.1490006446838379,1052.0,32.0,77920
-41565.64880371094,0.14899945259094238,1053.0,32.0,77952
-39741.80078125,0.18500018119812012,1054.0,41.0,77993
-43088.748726222824,0.3253626823425293,1055.0,46.0,78040
-41831.72001826299,0.3549988269805908,1056.0,77.0,78117
-45440.97340625,0.563098669052124,1057.0,125.0,78242
-44469.444411057695,0.17508459091186523,1058.0,39.0,78281
-42087.019712936046,0.21399950981140137,1059.0,43.0,78324
-42339.578334263395,0.2650012969970703,1060.0,56.0,78380
-44494.760298295456,0.3559987545013428,1061.0,77.0,78457
-44022.69140625,0.20199942588806152,1062.0,44.0,78501
-43286.403971354164,0.21595478057861328,1063.0,48.0,78549
-43307.62103365385,0.28999948501586914,1064.0,65.0,78614
-40612.69691051136,0.19828319549560547,1065.0,44.0,78658
-44637.472895408166,0.2180006504058838,1066.0,49.0,78707
-45086.702473958336,0.2480001449584961,1067.0,54.0,78761
-44484.06492820946,0.1699995994567871,1068.0,37.0,78798
-44791.28676470588,0.15800166130065918,1069.0,34.0,78832
-42763.961705942624,0.28999805450439453,1070.0,61.0,78893
-43450.31871448864,0.30465245246887207,1071.0,66.0,78959
-43858.47872242647,0.5290014743804932,1072.0,85.0,79045
-46168.793772977944,0.182999849319458,1073.0,34.0,79079
-42746.27786847015,0.3230006694793701,1074.0,67.0,79146
-42764.82950367647,0.23399829864501953,1075.0,51.0,79197
-44127.59649884259,0.38100147247314453,1076.0,81.0,79278
-47194.78019205729,0.21799802780151367,1077.0,48.0,79326
-43791.051432291664,0.21600055694580078,1078.0,48.0,79374
-48450.6187318314,0.2050004005432129,1079.0,43.0,79417
-43503.635009765625,0.156998872756958,1080.0,32.0,79449
-46522.84299045139,0.16500043869018555,1081.0,36.0,79485
-43471.30407072369,0.43400120735168457,1082.0,95.0,79580
-45573.68548768939,0.1529979705810547,1083.0,33.0,79613
-47609.33742559524,0.1919999122619629,1084.0,42.0,79655
-44438.25121527778,0.20547199249267578,1085.0,45.0,79700
-44889.548018292684,0.18599891662597656,1086.0,41.0,79741
-44081.20049055233,0.1960000991821289,1087.0,43.0,79784
-46144.04423564189,0.1680002212524414,1088.0,37.0,79821
-47043.52019332627,0.2670023441314697,1089.0,59.0,79880
-43014.49280427631,0.25899767875671387,1090.0,57.0,79937
-44810.76123046875,0.18400001525878906,1091.0,40.0,79977
-46086.04692573052,0.46000003814697266,1092.0,77.0,80055
-45321.29440104167,0.4109995365142822,1093.0,90.0,80145
-46158.0693359375,0.207000732421875,1094.0,44.0,80189
-47936.72747217466,0.33499979972839355,1095.0,73.0,80262
-43734.72877038043,0.21200037002563477,1096.0,46.0,80308
-47350.43072916667,0.2709999084472656,1097.0,60.0,80368
-46865.77532327586,0.12900018692016602,1098.0,29.0,80397
-44696.434806034486,0.13306879997253418,1099.0,29.0,80426
-46856.64390980114,0.20300030708312988,1100.0,44.0,80470
-45005.389222756414,0.1829996109008789,1101.0,39.0,80509
-46480.15481085526,0.17100071907043457,1102.0,38.0,80547
-48328.62215909091,0.14500021934509277,1103.0,33.0,80580
-45193.07848837209,0.19500112533569336,1104.0,43.0,80623
-45156.2704839939,0.1829991340637207,1105.0,41.0,80664
-52001.118861607145,0.19000029563903809,1106.0,42.0,80706
-45486.841015625,0.22099995613098145,1107.0,50.0,80756
-46481.02205403646,0.2200000286102295,1108.0,48.0,80804
-49207.445134943184,0.3009984493255615,1109.0,66.0,80870
-50144.57336425781,0.15000081062316895,1110.0,32.0,80902
-48863.35616319445,0.4129977226257324,1111.0,90.0,80992
-53851.06089907787,0.4140005111694336,1112.0,61.0,81054
-46944.15871710526,0.26400041580200195,1113.0,57.0,81111
-45451.80019822761,0.30499887466430664,1114.0,67.0,81178
-47025.106415719696,0.16500067710876465,1115.0,33.0,81211
-45904.30419921875,0.2519993782043457,1116.0,56.0,81267
-48120.38401442308,0.23400044441223145,1117.0,52.0,81319
-47257.755967881945,0.16100263595581055,1118.0,36.0,81355
-50181.56155711207,0.2619972229003906,1119.0,58.0,81413
-50059.200639204544,0.20099973678588867,1120.0,44.0,81457
-51462.84365472561,0.18500065803527832,1121.0,41.0,81498
-50510.39702690972,0.16100144386291504,1122.0,36.0,81534
-48202.937220982145,0.25499773025512695,1123.0,56.0,81590
-47058.37404186321,0.24000215530395508,1124.0,53.0,81643
-47516.24569310898,0.17299985885620117,1125.0,39.0,81682
-48651.019602272725,0.24499726295471191,1126.0,55.0,81737
-48229.20721153846,0.29199957847595215,1127.0,65.0,81802
-47695.29626464844,0.14300155639648438,1128.0,32.0,81834
-47488.16372767857,0.15599846839904785,1129.0,35.0,81869
-47480.746148767605,0.32199978828430176,1130.0,71.0,81940
-48100.200911458334,0.2720050811767578,1131.0,60.0,82000
-49024.85382593458,0.588998556137085,1132.0,107.0,82108
-45426.68447265625,0.1829993724822998,1133.0,40.0,82148
-47306.55947818396,0.23800015449523926,1134.0,53.0,82201
-50799.94793610075,0.3020000457763672,1135.0,67.0,82268
-51725.89202008928,0.19300127029418945,1136.0,42.0,82310
-51329.142252604164,0.21799826622009277,1137.0,48.0,82358
-52709.96880139803,0.3360013961791992,1138.0,76.0,82434
-50343.1639939693,0.2559995651245117,1139.0,57.0,82491
-52310.43338815789,0.2559993267059326,1140.0,57.0,82548
-50962.4480859375,0.44499969482421875,1141.0,100.0,82648
-48309.98474121094,0.14100050926208496,1142.0,32.0,82680
-51655.14852627841,0.19699859619140625,1143.0,44.0,82724
-48998.266052246094,0.2830007076263428,1144.0,64.0,82788
-50067.29549632353,0.1529994010925293,1145.0,34.0,82822
-47191.3757370283,0.2370002269744873,1146.0,53.0,82875
-50576.749408143936,0.1470024585723877,1147.0,33.0,82908
-47906.64266304348,0.2089977264404297,1148.0,46.0,82954
-53776.256631540695,0.1920003890991211,1149.0,43.0,82997
-48356.49912308674,0.32900047302246094,1150.0,49.0,83047
-50323.137974330355,0.25499987602233887,1151.0,56.0,83103
-49647.23203125,0.20099973678588867,1152.0,45.0,83148
-54582.764723557695,0.1740093231201172,1153.0,39.0,83187
-50297.982482910156,0.2870213985443115,1154.0,64.0,83251
-50883.67294730392,0.23201775550842285,1155.0,51.0,83302
-54694.66444359756,0.18300890922546387,1156.0,41.0,83343
-52979.79123263889,0.30203723907470703,1157.0,63.0,83406
-52256.62673611111,0.16302013397216797,1158.0,36.0,83442
-53751.70906929348,0.20902013778686523,1159.0,46.0,83488
-53885.814453125,0.20059514045715332,1160.0,44.0,83532
-50581.74078824627,0.30101895332336426,1161.0,67.0,83599
-48916.60403963415,0.18896770477294922,1162.0,41.0,83640
-53149.23620854592,0.22099971771240234,1163.0,49.0,83689
-55660.2435546875,0.17698097229003906,1164.0,40.0,83729
-51509.351487379805,0.23598337173461914,1165.0,52.0,83781
-52323.529947916664,0.5009796619415283,1166.0,111.0,83892
-52226.370750343405,0.41901421546936035,1167.0,91.0,83983
-51128.185872395836,0.2639796733856201,1168.0,36.0,84020
-50052.815129206734,0.2369999885559082,1169.0,52.0,84072
-50860.640625,0.14798212051391602,1170.0,33.0,84105
-53179.788783482145,0.18498611450195312,1171.0,42.0,84147
-54519.540489783656,0.23399782180786133,1172.0,52.0,84199
-55354.94187127976,0.1990206241607666,1173.0,42.0,84241
-52788.77943978659,0.18900609016418457,1174.0,41.0,84282
-53607.41152871621,0.16900110244750977,1175.0,37.0,84319
-53004.635850694445,0.16496944427490234,1176.0,36.0,84355
-56113.93359375,0.17101240158081055,1177.0,38.0,84393
-51007.99255601415,0.2409956455230713,1178.0,53.0,84446
-52140.450179303276,0.27887988090515137,1179.0,61.0,84507
-52670.37275390625,0.17809081077575684,1180.0,40.0,84547
-52043.82548564189,0.16397738456726074,1181.0,37.0,84584
-51586.468641493055,0.16302156448364258,1182.0,36.0,84620
-54754.55031483209,0.2969686985015869,1183.0,67.0,84687
-54344.087239583336,0.16297054290771484,1184.0,36.0,84723
-53522.41763392857,0.1590421199798584,1185.0,35.0,84758
-53589.15853478773,0.23712658882141113,1186.0,53.0,84811
-54880.23529411765,0.15328264236450195,1187.0,34.0,84845
-52269.2099609375,0.14358282089233398,1188.0,32.0,84877
-54187.596396169356,0.2754380702972412,1189.0,62.0,84939
-54027.93785511364,0.14499783515930176,1190.0,33.0,84972
-54718.29660866477,0.3260014057159424,1191.0,44.0,85017
-57713.62057291667,0.15399980545043945,1192.0,30.0,85047
-55199.90120967742,0.14356422424316406,1193.0,31.0,85078
-55391.84672934322,0.26600170135498047,1194.0,59.0,85137
-56327.59994904891,0.20799970626831055,1195.0,46.0,85183
-54130.004296875,0.1379997730255127,1196.0,30.0,85213
-52993.72492439516,0.2800006866455078,1197.0,62.0,85275
-54814.73028564453,0.28856348991394043,1198.0,64.0,85339
-54779.76242897727,0.19900035858154297,1199.0,44.0,85383
-58118.84849330357,0.1919999122619629,1200.0,42.0,85425
-57462.29029605263,0.17000079154968262,1201.0,38.0,85463
-54481.587086397056,0.2310020923614502,1202.0,51.0,85514
-55907.17130533854,0.23069047927856445,1203.0,48.0,85562
-55437.90974506579,0.17115545272827148,1204.0,38.0,85600
-55558.6413620283,0.2355811595916748,1205.0,53.0,85653
-55906.070430871216,0.14950346946716309,1206.0,33.0,85686
-54386.44521484375,0.18294477462768555,1207.0,40.0,85726
-55304.132080078125,0.21902847290039062,1208.0,48.0,85774
-56978.07962239583,0.27927422523498535,1209.0,60.0,85834
-58147.146240234375,0.2180004119873047,1210.0,48.0,85882
-58213.686731557376,0.2930006980895996,1211.0,61.0,85943
-57000.450733418365,0.21699929237365723,1212.0,49.0,85992
-56600.21214657738,0.2945995330810547,1213.0,42.0,86035
-57673.87485259434,0.2485179901123047,1214.0,53.0,86088
-59404.66134798729,0.2649843692779541,1215.0,59.0,86147
-57058.72402871621,0.167999267578125,1216.0,37.0,86184
-59076.02168996711,0.17399883270263672,1217.0,38.0,86222
-54241.73807291667,0.34000682830810547,1218.0,75.0,86297
-55327.580039828434,0.23096394538879395,1219.0,51.0,86348
-56726.795486111114,0.19799566268920898,1220.0,45.0,86393
-59844.43142361111,0.24098587036132812,1221.0,54.0,86447
-58467.68009440104,0.21300125122070312,1222.0,48.0,86495
-55947.51841517857,0.1972484588623047,1223.0,42.0,86537
-58951.93351715686,0.23999786376953125,1224.0,51.0,86588
-57898.8330078125,0.27700090408325195,1225.0,60.0,86648
-58026.12724905303,0.14800238609313965,1226.0,33.0,86681
-62421.74617866848,0.20999932289123535,1227.0,46.0,86727
-56425.09714988426,0.25300097465515137,1228.0,54.0,86781
-57867.50791015625,0.36099863052368164,1229.0,80.0,86861
-58123.51012436225,0.21900129318237305,1230.0,49.0,86910
-59579.17941497093,0.19457769393920898,1231.0,43.0,86953
-56620.79469209559,0.15199828147888184,1232.0,34.0,86987
-55419.20192307692,0.33699917793273926,1233.0,52.0,87040
-55253.870211693546,0.14099812507629395,1234.0,31.0,87071
-56417.05672200521,0.21400070190429688,1235.0,48.0,87119
-58179.84191645408,0.2149975299835205,1236.0,49.0,87168
-56878.95305129717,0.23857736587524414,1237.0,53.0,87221
-60468.18697916667,0.26599812507629395,1238.0,60.0,87281
-61724.45150533537,0.1900005340576172,1239.0,41.0,87322
-61805.491861979164,0.225999116897583,1240.0,48.0,87370
-62547.599245233054,0.2609996795654297,1241.0,59.0,87429
-65190.09774305556,0.2069995403289795,1242.0,45.0,87474
-55734.28125,0.1830003261566162,1243.0,39.0,87513
-64741.56844429348,0.21699738502502441,1244.0,46.0,87559
-61355.98429840686,0.24099946022033691,1245.0,51.0,87610
-59252.32040777439,0.18799972534179688,1246.0,41.0,87651
-58055.40814012097,0.14299988746643066,1247.0,31.0,87682
-63028.12603635204,0.2370152473449707,1248.0,49.0,87731
-58035.38288483796,0.24648380279541016,1249.0,54.0,87785
-57621.578125,0.2239992618560791,1250.0,49.0,87834
-62611.2296875,0.19500017166137695,1251.0,45.0,87879
-59519.61426957831,0.37600135803222656,1252.0,83.0,87962
-55609.36882267442,0.3110008239746094,1253.0,43.0,88006
-58259.84601814516,0.1399989128112793,1254.0,31.0,88037
-57895.67980957031,0.14400076866149902,1255.0,32.0,88069
-57381.62607758621,0.12799715995788574,1256.0,29.0,88098
-56885.628046875,0.22300028800964355,1257.0,50.0,88148
-58377.35691236413,0.41699957847595215,1258.0,92.0,88240
-60948.50466229839,0.4160022735595703,1259.0,93.0,88333
-59099.86947408537,0.18199872970581055,1260.0,41.0,88374
-58797.036545138886,0.21600031852722168,1261.0,45.0,88419
-65236.564453125,0.2649986743927002,1262.0,58.0,88477
-67950.90504807692,0.18399953842163086,1263.0,39.0,88516
-63831.655400815216,0.2050011157989502,1264.0,46.0,88562
-62621.85970982143,0.15600037574768066,1265.0,35.0,88597
-60892.85947516026,0.18600153923034668,1266.0,39.0,88636
-63797.52455357143,0.22699880599975586,1267.0,49.0,88685
-59258.03498883929,0.31600022315979004,1268.0,70.0,88755
-63079.9875,0.2579996585845947,1269.0,55.0,88810
-63558.812734375,0.22500014305114746,1270.0,50.0,88860
-66689.28636532738,0.18899965286254883,1271.0,42.0,88902
-59279.947888962764,0.22300052642822266,1272.0,47.0,88949
-54497.34547334559,0.17000126838684082,1273.0,34.0,88983
-60039.38757102273,0.36873292922973633,1274.0,55.0,89039
-63643.29560319767,0.197998046875,1275.0,43.0,89082
-59893.2891456117,0.21000003814697266,1276.0,47.0,89129
-63695.355208333334,0.19699811935424805,1277.0,45.0,89174
-61909.70766469595,0.17400121688842773,1278.0,37.0,89211
-64810.670789930555,0.16259145736694336,1279.0,36.0,89247
-61755.667668269234,0.37800025939941406,1280.0,78.0,89325
-60447.71535326087,0.31799817085266113,1281.0,69.0,89394
-61413.90776209677,0.1399996280670166,1282.0,31.0,89425
-63778.020833333336,0.19100165367126465,1283.0,39.0,89464
-65796.29171875,0.24599933624267578,1284.0,50.0,89514
-61479.99582741477,0.1959989070892334,1285.0,44.0,89558
-58920.730518830125,0.35500073432922363,1286.0,78.0,89636
-63471.72551448171,0.18300080299377441,1287.0,41.0,89677
-61985.644791666666,0.21200227737426758,1288.0,45.0,89722
-61761.448417467946,0.17799663543701172,1289.0,39.0,89761
-68334.14231178978,0.2010025978088379,1290.0,44.0,89805
-64265.949296875,0.23799681663513184,1291.0,50.0,89855
-56961.47309027778,0.1770012378692627,1292.0,36.0,89891
-63672.904017857145,0.16899967193603516,1293.0,35.0,89926
-66003.705,0.22900009155273438,1294.0,50.0,89976
-68825.05158253205,0.30500078201293945,1295.0,39.0,90016
-69096.79796875,0.34200072288513184,1296.0,75.0,90091
-68431.66075721153,0.18669867515563965,1297.0,39.0,90130
-63860.074869791664,0.19284486770629883,1298.0,42.0,90172
-64089.877752130684,0.20122885704040527,1299.0,44.0,90216
-59520.8734375,0.1566028594970703,1300.0,35.0,90251
-65312.778756648935,0.20749425888061523,1301.0,47.0,90298
-61388.60667067308,0.2351057529449463,1302.0,52.0,90350
-61121.578218005954,0.18455839157104492,1303.0,42.0,90392
-67809.51911057692,0.30387210845947266,1304.0,65.0,90457
-66007.46240234375,0.14992547035217285,1305.0,32.0,90489
-67470.33586774554,0.2505311965942383,1306.0,56.0,90545
-62851.82559742647,0.3165872097015381,1307.0,68.0,90613
-63836.86472039474,0.16871070861816406,1308.0,38.0,90651
-66568.86149796196,0.22064828872680664,1309.0,46.0,90697
-67514.29722377232,0.27100157737731934,1310.0,56.0,90753
-70000.12965029762,0.1995840072631836,1311.0,42.0,90795
-65157.451822916664,0.27899980545043945,1312.0,60.0,90855
-64956.829296875,0.18400168418884277,1313.0,40.0,90895
-67389.11376953125,0.3679988384246826,1314.0,80.0,90975
-70481.92909564394,0.4120006561279297,1315.0,66.0,91042
-66368.12357954546,0.2533726692199707,1316.0,55.0,91097
-64703.58684895833,0.14400005340576172,1317.0,30.0,91127
-68800.92169189453,0.2950003147125244,1318.0,64.0,91191
-66860.66368140244,0.1900026798248291,1319.0,41.0,91232
-65832.67603326614,0.2800004482269287,1320.0,62.0,91294
-66929.06456163194,0.16499805450439453,1321.0,36.0,91330
-66319.81502757352,0.18600225448608398,1322.0,34.0,91364
-67122.18032786885,0.3154420852661133,1323.0,61.0,91425
-67729.34385016025,0.1951606273651123,1324.0,39.0,91464
-61107.931640625,0.2155609130859375,1325.0,46.0,91510
-71195.55309311225,0.220001220703125,1326.0,49.0,91559
-64852.46115654206,0.4779989719390869,1327.0,107.0,91666
-66904.49101027397,0.3405883312225342,1328.0,73.0,91739
-67308.01198814655,0.26799988746643066,1329.0,58.0,91797
-71911.97669719828,0.13400053977966309,1330.0,29.0,91826
-68761.46652879902,0.2500004768371582,1331.0,51.0,91877
-67878.77556046196,0.2125716209411621,1332.0,46.0,91923
-64062.845243566175,0.16900157928466797,1333.0,34.0,91957
-74104.83959960938,0.15299749374389648,1334.0,32.0,91989
-63840.689453125,0.30900049209594727,1335.0,44.0,92034
-61393.679924242424,0.1569995880126953,1336.0,33.0,92067
-70255.1455078125,0.15200042724609375,1337.0,32.0,92099
-69605.40942382812,0.21700167655944824,1338.0,48.0,92147
-67359.06335449219,0.1589980125427246,1339.0,32.0,92179
-69523.49473110466,0.21500086784362793,1340.0,43.0,92222
-64443.23682598039,0.24300050735473633,1341.0,51.0,92273
-67492.80887276786,0.3165771961212158,1342.0,56.0,92329
-71153.86328125,0.19099807739257812,1343.0,41.0,92370
-66370.38505651595,0.21399974822998047,1344.0,47.0,92417
-68392.01734938064,0.49300050735473633,1345.0,111.0,92528
-68916.95580150464,0.24310731887817383,1346.0,54.0,92582
-75161.79191300676,0.17000102996826172,1347.0,37.0,92619
-72658.33561197917,0.22500181198120117,1348.0,48.0,92667
-72213.37738715278,0.16499757766723633,1349.0,36.0,92703
-69995.1324757543,0.2718806266784668,1350.0,58.0,92761
-70812.07446289062,0.21899819374084473,1351.0,48.0,92809
-73269.47175480769,0.24199795722961426,1352.0,52.0,92861
-70813.82659216772,0.37900209426879883,1353.0,79.0,92940
-62303.08131167763,0.20509862899780273,1354.0,38.0,92978
-65186.853125,0.27353382110595703,1355.0,30.0,93009
-67752.42610677083,0.17100095748901367,1356.0,36.0,93045
-72754.77534054487,0.18900084495544434,1357.0,39.0,93084
-69977.46392463235,0.15999817848205566,1358.0,34.0,93118
-75594.40079752605,0.22899985313415527,1359.0,48.0,93166
-67944.8203125,0.30900001525878906,1360.0,54.0,93220
-65118.50625,0.14300227165222168,1361.0,30.0,93250
-74598.35009765625,0.15399789810180664,1362.0,32.0,93282
-77313.76435546875,0.19999909400939941,1363.0,40.0,93322
-75469.64475446429,0.1810016632080078,1364.0,35.0,93357
-64438.06481933594,0.14699840545654297,1365.0,32.0,93389
-74725.93372395834,0.1399991512298584,1366.0,30.0,93419
-69111.25353422618,0.19100141525268555,1367.0,42.0,93461
-64120.2509527439,0.19499945640563965,1368.0,41.0,93502
-65249.55649038462,0.11799907684326172,1369.0,26.0,93528
-63987.109700520836,0.166001558303833,1370.0,36.0,93564
-75261.21472537878,0.1529994010925293,1371.0,33.0,93597
-75944.6254155585,0.21500158309936523,1372.0,47.0,93644
-68470.80247961957,0.2149982452392578,1373.0,46.0,93690
-71010.6650390625,0.19099926948547363,1374.0,40.0,93730
-64891.287977430555,0.1640012264251709,1375.0,36.0,93766
-63644.287217881945,0.16499900817871094,1376.0,36.0,93802
-69145.70819627192,0.26400089263916016,1377.0,57.0,93859
-71583.58142089844,0.15799880027770996,1378.0,32.0,93891
-79828.06730769231,0.18399977684020996,1379.0,39.0,93930
-73191.74086334746,0.2780003547668457,1380.0,59.0,93989
-76639.66009004238,0.3919985294342041,1381.0,59.0,94049
-74372.23510742188,0.14800071716308594,1382.0,32.0,94081
-72655.95198567708,0.22099900245666504,1383.0,48.0,94129
-77379.63175675676,0.17000174522399902,1384.0,37.0,94166
-71015.19631696428,0.1639997959136963,1385.0,35.0,94201
-72477.41536458333,0.2220005989074707,1386.0,48.0,94249
-78185.72750538793,0.1329972743988037,1387.0,29.0,94278
-74351.81735131048,0.28799986839294434,1388.0,62.0,94340
-75829.61422164353,0.24300050735473633,1389.0,54.0,94394
-74537.13225446429,0.1250004768371582,1390.0,28.0,94422
-71574.87872456395,0.20000028610229492,1391.0,43.0,94465
-74478.58947753906,0.1510002613067627,1392.0,32.0,94497
-76197.59105902778,0.20600080490112305,1393.0,45.0,94542
-78433.82536764706,0.2350008487701416,1394.0,51.0,94593
-70541.8290719697,0.14999938011169434,1395.0,33.0,94626
-77056.32566964286,0.15699982643127441,1396.0,35.0,94661
-75935.86458333333,0.13400006294250488,1397.0,30.0,94691
-77335.20931490384,0.30100202560424805,1398.0,65.0,94756
-77403.9908482143,0.1589982509613037,1399.0,35.0,94791
-74950.66610054347,0.23999881744384766,1400.0,46.0,94837
-82644.57624604431,0.36099982261657715,1401.0,79.0,94916
-75774.55152529762,0.19300127029418945,1402.0,42.0,94958
-73812.51962209302,0.3289980888366699,1403.0,43.0,95002
-73935.04861111111,0.34200000762939453,1404.0,72.0,95074
-69574.68522135417,0.220001220703125,1405.0,48.0,95122
-74912.40830592105,0.267000675201416,1406.0,57.0,95179
-77243.37667410714,0.25299930572509766,1407.0,56.0,95235
-78095.748046875,0.20200204849243164,1408.0,44.0,95279
-78629.58662683824,0.16099810600280762,1409.0,34.0,95313
-69855.72042410714,0.26800084114074707,1410.0,56.0,95369
-76625.85309103261,0.2109980583190918,1411.0,46.0,95415
-74354.21898674243,0.2960023880004883,1412.0,66.0,95481
-79067.18538851352,0.16399812698364258,1413.0,37.0,95518
-75463.06484375,0.1790013313293457,1414.0,40.0,95558
-67324.19010416667,0.20099854469299316,1415.0,45.0,95603
-84352.20603553922,0.23400020599365234,1416.0,51.0,95654
-77473.28002929688,0.14600133895874023,1417.0,32.0,95686
-69391.40869140625,0.15099859237670898,1418.0,32.0,95718
-81223.43926886792,0.25100016593933105,1419.0,53.0,95771
-81662.51339285714,0.16399908065795898,1420.0,35.0,95806
-73940.82860331633,0.22900080680847168,1421.0,49.0,95855
-73750.48411458333,0.543999433517456,1422.0,120.0,95975
-78912.26061698717,0.2859988212585449,1423.0,39.0,96015
-72503.05108173077,0.17800140380859375,1424.0,39.0,96054
-74829.66629464286,0.21699976921081543,1425.0,49.0,96103
-73620.64453125,0.17467403411865234,1426.0,36.0,96139
-76920.70678710938,0.14600086212158203,1427.0,32.0,96171
-71231.75300480769,0.1770191192626953,1428.0,39.0,96210
-82170.42116477272,0.30102086067199707,1429.0,66.0,96276
-77883.27046130953,0.19087433815002441,1430.0,42.0,96318
-80212.0466694079,0.18057036399841309,1431.0,38.0,96356
-87049.0994140625,0.18700075149536133,1432.0,40.0,96396
-74461.30836397059,0.15200042724609375,1433.0,34.0,96430
-81137.46223958333,0.2160019874572754,1434.0,48.0,96478
-79879.95703125,0.22999835014343262,1435.0,50.0,96528
-77308.88582785087,0.25299811363220215,1436.0,57.0,96585
-74733.3125,0.25500011444091797,1437.0,57.0,96642
-77951.61887668919,0.1639995574951172,1438.0,37.0,96679
-80481.84716796875,0.2219998836517334,1439.0,48.0,96727
-86707.60200892857,0.1549992561340332,1440.0,35.0,96762
-84455.45424107143,0.2560007572174072,1441.0,56.0,96818
-79689.71408991228,0.2539985179901123,1442.0,57.0,96875
-79743.953125,0.16900038719177246,1443.0,38.0,96913
-83077.18030427632,0.17199921607971191,1444.0,38.0,96951
-81249.94890625,0.33300065994262695,1445.0,50.0,97002
-83324.945625,0.2369999885559082,1446.0,50.0,97052
-79588.66889204546,0.25499868392944336,1447.0,55.0,97107
-79898.20982142857,0.12900042533874512,1448.0,28.0,97135
-78987.98612607758,0.5309994220733643,1449.0,116.0,97251
-76977.76732336957,0.205000638961792,1450.0,46.0,97297
-87271.245703125,0.18500041961669922,1451.0,40.0,97337
-82839.81205357143,0.15999984741210938,1452.0,35.0,97372
-76758.60321969698,0.15200114250183105,1453.0,33.0,97405
-74998.44303385417,0.22299814224243164,1454.0,48.0,97453
-78583.42632728495,0.4160020351409912,1455.0,93.0,97546
-80196.17864583334,0.1999988555908203,1456.0,45.0,97591
-84892.4432444853,0.1530008316040039,1457.0,34.0,97625
-83610.15251358696,0.21399855613708496,1458.0,46.0,97671
-82688.57204861111,0.1639997959136963,1459.0,36.0,97707
-76976.38461538461,0.17500019073486328,1460.0,39.0,97746
-77607.06930905963,0.5010013580322266,1461.0,109.0,97855
-79218.93393507281,0.46985793113708496,1462.0,103.0,97958
-80790.51120923914,0.31679296493530273,1463.0,46.0,98005
-71324.8748046875,0.18499994277954102,1464.0,40.0,98045
-84387.5972406915,0.21599984169006348,1465.0,47.0,98092
-74185.09765625,0.509998083114624,1466.0,112.0,98204
-76090.62311422414,0.13399910926818848,1467.0,29.0,98233
-85138.953125,0.1659989356994629,1468.0,35.0,98268
-87691.97299592392,0.22700142860412598,1469.0,46.0,98314
-81127.09611191861,0.19299888610839844,1470.0,43.0,98357
-75965.487890625,0.18422198295593262,1471.0,40.0,98397
-85092.68189858491,0.23600006103515625,1472.0,53.0,98450
-87045.80193014706,0.16000056266784668,1473.0,34.0,98484
-85763.93209134616,0.23800063133239746,1474.0,52.0,98536
-88252.90304129464,0.2569997310638428,1475.0,56.0,98592
-86475.34765625,0.1869981288909912,1476.0,42.0,98634
-83689.76969401042,0.21799945831298828,1477.0,48.0,98682
-86777.22972470238,0.18899989128112793,1478.0,42.0,98724
-86387.85047743056,0.17100238800048828,1479.0,36.0,98760
-86358.40197172618,0.20599699020385742,1480.0,42.0,98802
-87516.77220394737,0.18000054359436035,1481.0,38.0,98840
-81499.44439338235,0.16000008583068848,1482.0,34.0,98874
-78080.5078125,0.21399688720703125,1483.0,45.0,98919
-82858.96653293919,0.33900022506713867,1484.0,74.0,98993
-83607.07958984375,0.317000150680542,1485.0,48.0,99042
-85708.39362980769,0.238999605178833,1486.0,52.0,99094
-82796.37046875,0.22600030899047852,1487.0,50.0,99144
-74807.12434895833,0.22699952125549316,1488.0,48.0,99192
-83946.8030711207,0.26400208473205566,1489.0,58.0,99250
-88587.67651721014,0.31099915504455566,1490.0,69.0,99319
-85011.845703125,0.15900087356567383,1491.0,36.0,99355
-92154.1037109375,0.1770002841949463,1492.0,40.0,99395
-89841.02446546052,0.17699933052062988,1493.0,38.0,99433
-79794.823046875,0.18200016021728516,1494.0,40.0,99473
-73794.82862367021,0.21000099182128906,1495.0,47.0,99520
-86185.40524839744,0.18700003623962402,1496.0,39.0,99559
-90689.5565257353,0.15856027603149414,1497.0,34.0,99593
-86187.73237645348,0.20125246047973633,1498.0,43.0,99636
-84380.03680889423,0.24199986457824707,1499.0,52.0,99688
-86806.173828125,0.22300028800964355,1500.0,48.0,99736
-86252.77870244565,0.21300196647644043,1501.0,46.0,99782
-89984.2224506579,0.17499709129333496,1502.0,38.0,99820
-90344.54388297872,0.21340680122375488,1503.0,47.0,99867
-92359.74978298611,0.326998233795166,1504.0,72.0,99939
