#{"t_start": 1695645162.9988813, "env_id": "CartPole-v1"}
r,l,t
10.0,10,0.072
10.0,10,0.077
8.0,8,0.081
10.0,10,0.085
9.0,9,0.089002
9.0,9,0.093
10.0,10,0.097
10.0,10,0.100999
9.0,9,0.106
11.0,11,0.11
8.0188.0,188,4.803001
284.0,284,4.868001
218.0,218,4.923
188.0,188,4.967
234.0,234,5.02
218.0,218,5.071
152.0,152,5.107
216.0,216,5.159999
211.0,211,5.210001
207.0,207,5.259
116.0,116,9.148
167.0,167,9.187
166.0,166,9.226002
276.0,276,9.291
14.0,14,9.295
193.0,193,9.339
137.0,137,9.371999
272.0,272,9.435
102.0,102,9.457999
33.0,33,9.466
338.0,338,13.409
16.0,16,13.413001
18.0,18,13.417
66.0,66,13.433005
153.0,153,13.467999
10.0,10,13.471002
96.0,96,13.493002
30.0,30,13.5
14.0,14,13.504
275.0,275,13.566999
46.0,46,17.460999
34.0,34,17.468999
19.0,19,17.473002
122.0,122,17.502
108.0,108,17.530001
19.0,19,17.533999
170.0,170,17.576
10.0,10,17.579
220.0,220,17.631
102.0,102,17.656
499.0,499,21.741
429.0,429,21.844
243.0,243,21.901001
235.0,235,21.956999
319.0,319,22.033
205.0,205,22.08
151.0,151,22.115
220.0,220,22.164
244.0,244,22.219
500.0,500,22.334001
108.0,108,26.547999
11.0,11,26.549999
169.0,169,26.588001
171.0,171,26.628
163.0,163,26.667
72.0,72,26.683001
112.0,112,26.708999
209.0,209,26.757999
122.0,122,26.785
159.0,159,26.821
150.0,150,30.849001
111.0,111,30.874001
97.0,97,30.897002
213.0,213,30.946
116.0,116,30.972
177.0,177,31.014
81.0,81,31.033
97.0,97,31.056
82.0,82,31.074999
9.0,9,31.077
102.0,102,35.352001
199.0,199,35.398002
101.0,101,35.421
79.0,79,35.439
97.0,97,35.460999
105.0,105,35.484999
157.0,157,35.528
173.0,173,35.569
165.0,165,35.609999
166.0,166,35.65
190.0,190,39.785
105.0,105,39.807999
88.0,88,39.833001
171.0,171,39.875
151.0,151,39.910002
242.0,242,39.967
281.0,281,40.032001
77.0,77,40.049999
181.0,181,40.091
110.0,110,40.117
90.0,90,44.235
94.0,94,44.256999
336.0,336,44.335
187.0,187,44.378
70.0,70,44.394001
206.0,206,44.442
390.0,390,44.533
92.0,92,44.555
157.0,157,44.590999
230.0,230,44.644
118.0,118,48.766999
92.0,92,48.788999
191.0,191,48.835
78.0,78,48.853002
115.0,115,48.878999
121.0,121,48.906
217.0,217,48.957999
100.0,100,48.981
97.0,97,49.003001
188.0,188,49.047
160.0,160,53.117001
134.0,134,53.149
134.0,134,53.178999
147.0,147,53.213001
236.0,236,53.269
252.0,252,53.326999
250.0,250,53.385
129.0,129,53.414001
81.0,81,53.433
148.0,148,53.471001
149.0,149,57.6
160.0,160,57.639001
152.0,152,57.677001
294.0,294,57.748002
192.0,192,57.794001
138.0,138,57.826999
251.0,251,57.887001
188.0,188,57.931003
102.0,102,57.954001
140.0,140,57.985999
119.0,119,62.450999
124.0,124,62.48
167.0,167,62.519002
171.0,171,62.585999
122.0,122,62.618
87.0,87,62.638999
114.0,114,62.665
112.0,112,62.693001
78.0,78,62.712002
216.0,216,62.766
126.0,126,67.151
112.0,112,67.177
117.0,117,67.204001
93.0,93,67.226
79.0,79,67.244001
155.0,155,67.280001
161.0,161,67.316999
219.0,219,67.367999
104.0,104,67.391
141.0,141,67.423002
141.0,141,71.690999
176.0,176,71.732001
164.0,164,71.77
108.0,108,71.795002
92.0,92,71.816
98.0,98,71.838
341.0,341,71.916
77.0,77,71.934001
80.0,80,71.952001
110.0,110,71.977999
147.0,147,76.235
78.0,78,76.253004
172.0,172,76.292
98.0,98,76.314001
167.0,167,76.352
87.0,87,76.373002
150.0,150,76.406999
122.0,122,76.434
116.0,116,76.462
125.0,125,76.490999
86.0,86,80.714
138.0,138,80.746
75.0,75,80.763001
163.0,163,80.8
86.0,86,80.82
124.0,124,80.848
70.0,70,80.864
139.0,139,80.896
82.0,82,80.915
139.0,139,80.946999
65.0,65,85.287999
121.0,121,85.316
210.0,210,85.364001
104.0,104,85.387
62.0,62,85.401
77.0,77,85.419
129.0,129,85.448001
196.0,196,85.494001
51.0,51,85.505001
81.0,81,85.524
129.0,129,90.0
82.0,82,90.021001
148.0,148,90.057002
67.0,67,90.074001
170.0,170,90.115999
141.0,141,90.151
155.0,155,90.189001
77.0,77,90.207001
110.0,110,90.234
57.0,57,90.247
71.0,71,94.699
65.0,65,94.715
55.0,55,94.727
68.0,68,94.744
66.0,66,94.76
83.0,83,94.780001
79.0,79,94.797999
154.0,154,94.835
167.0,167,94.875
140.0,140,94.909
80.0,80,99.357
235.0,235,99.411
76.0,76,99.429
57.0,57,99.442001
58.0,58,99.454999
95.0,95,99.478
124.0,124,99.507002
57.0,57,99.521
160.0,160,99.559
82.0,82,99.578
84.0,84,104.100002
138.0,138,104.133
59.0,59,104.147001
68.0,68,104.164003
88.0,88,104.185
93.0,93,104.205999
56.0,56,104.219001
70.0,70,104.236001
50.0,50,104.248
162.0,162,104.285
125.0,125,108.775
114.0,114,108.802
58.0,58,108.816
61.0,61,108.83
58.0,58,108.844001
153.0,153,108.880001
67.0,67,108.896001
93.0,93,108.918002
48.0,48,108.928999
129.0,129,108.959
38.0,38,113.648
163.0,163,113.685
46.0,46,113.696
75.0,75,113.714001
70.0,70,113.732001
89.0,89,113.756001
55.0,55,113.77
66.0,66,113.785001
163.0,163,113.824001
102.0,102,113.849
74.0,74,122.076999
67.0,67,122.114999
78.0,78,122.158
37.0,37,122.179001
64.0,64,122.214002
45.0,45,122.24
42.0,42,122.264002
32.0,32,122.283001
50.0,50,122.311001
65.0,65,122.347002
95.0,95,132.096999
143.0,143,132.176
67.0,67,132.213001
98.0,98,132.268
113.0,113,132.331002
49.0,49,132.358
125.0,125,132.428
92.0,92,132.479001
131.0,131,132.553
67.0,67,132.593
77.0,77,142.322073
30.0,30,142.339073
114.0,114,142.402073
72.0,72,142.441071
32.0,32,142.458071
154.0,154,142.544074
56.0,56,142.578073
47.0,47,142.604074
81.0,81,142.648073
49.0,49,142.676073
63.0,63,152.271072
76.0,76,152.315073
57.0,57,152.347072
58.0,58,152.380071
109.0,109,152.440073
100.0,100,152.496074
95.0,95,152.553071
57.0,57,152.587073
86.0,86,152.636073
63.0,63,152.672073
51.0,51,162.389432
52.0,52,162.418433
88.0,88,162.467432
93.0,93,162.519664
47.0,47,162.544662
83.0,83,162.590663
83.0,83,162.637662
50.0,50,162.665662
104.0,104,162.723857
69.0,69,162.762857
55.0,55,172.520624
217.0,217,172.642623
93.0,93,172.694625
142.0,142,172.774625
84.0,84,172.820625
81.0,81,172.865625
72.0,72,172.905628
77.0,77,172.949442
98.0,98,173.003444
61.0,61,173.038507
47.0,47,182.890605
54.0,54,182.922605
56.0,56,182.954607
151.0,151,183.040607
54.0,54,183.070606
39.0,39,183.093607
79.0,79,183.138607
160.0,160,183.229607
46.0,46,183.255606
55.0,55,183.286609
44.0,44,193.050171
96.0,96,193.105172
31.0,31,193.123057
29.0,29,193.140056
50.0,50,193.169053
89.0,89,193.220054
27.0,27,193.235054
70.0,70,193.273055
56.0,56,193.304382
143.0,143,193.388382
58.0,58,203.163512
33.0,33,203.181513
44.0,44,203.206513
30.0,30,203.222511
34.0,34,203.242921
81.0,81,203.289924
49.0,49,203.317923
49.0,49,203.344923
32.0,32,203.361922
30.0,30,203.378922
77.0,77,213.054679
51.0,51,213.083679
46.0,46,213.109679
66.0,66,213.146679
43.0,43,213.170998
30.0,30,213.187998
38.0,38,213.209997
82.0,82,213.255998
57.0,57,213.289419
79.0,79,213.334417
53.0,53,222.879634
27.0,27,222.894635
101.0,101,222.950634
159.0,159,223.040635
64.0,64,223.075636
61.0,61,223.109638
50.0,50,223.136635
80.0,80,223.186636
78.0,78,223.233635
27.0,27,223.248635
51.0,51,232.869042
75.0,75,232.911039
112.0,112,232.972159
29.0,29,232.989159
157.0,157,233.07474
73.0,73,233.11474
31.0,31,233.131889
38.0,38,233.153878
55.0,55,233.185875
38.0,38,233.206876
58.0,58,243.126638
73.0,73,243.17064
90.0,90,243.22464
77.0,77,243.269639
66.0,66,243.30864
58.0,58,243.342639
91.0,91,243.396639
56.0,56,243.431053
169.0,169,243.532803
100.0,100,243.588804
98.0,98,253.227802
82.0,82,253.274802
26.0,26,253.289804
59.0,59,253.323804
144.0,144,253.405802
53.0,53,253.436803
53.0,53,253.465802
56.0,56,253.496803
103.0,103,253.554804
101.0,101,253.611803
50.0,50,263.261844
78.0,78,263.306847
77.0,77,263.350845
72.0,72,263.391844
72.0,72,263.431845
49.0,49,263.459845
69.0,69,263.497846
163.0,163,263.587846
33.0,33,263.605845
53.0,53,263.635845
119.0,119,273.261844
114.0,114,273.329846
53.0,53,273.359843
160.0,160,273.451845
45.0,45,273.476846
75.0,75,273.519845
86.0,86,273.568846
41.0,41,273.592846
119.0,119,273.660845
49.0,49,273.687845
61.0,61,283.292947
46.0,46,283.317945
84.0,84,283.364947
36.0,36,283.384945
36.0,36,283.404945
68.0,68,283.441947
25.0,25,283.455946
115.0,115,283.520948
69.0,69,283.558947
64.0,64,283.594947
22.0,22,293.266786
86.0,86,293.320789
63.0,63,293.360805
32.0,32,293.380791
47.0,47,293.412789
26.0,26,293.432789
43.0,43,293.464069
29.0,29,293.48707
205.0,205,293.635775
60.0,60,293.670133
52.0,52,303.392493
23.0,23,303.406491
77.0,77,303.451493
149.0,149,303.53937
61.0,61,303.57437
44.0,44,303.598717
73.0,73,303.638718
51.0,51,303.666718
133.0,133,303.741718
39.0,39,303.764717
39.0,39,313.295181
63.0,63,313.330182
27.0,27,313.345183
68.0,68,313.383185
49.0,49,313.409182
42.0,42,313.432184
38.0,38,313.453183
96.0,96,313.505183
43.0,43,313.530183
37.0,37,313.550183
57.0,57,323.141033
73.0,73,323.182033
53.0,53,323.213035
31.0,31,323.231035
34.0,34,323.250034
49.0,49,323.277034
64.0,64,323.312034
29.0,29,323.328033
51.0,51,323.356034
40.0,40,323.378035
106.0,106,332.995044
103.0,103,333.052044
35.0,35,333.072046
72.0,72,333.112046
46.0,46,333.137045
153.0,153,333.221045
153.0,153,333.306046
81.0,81,333.352045
55.0,55,333.383051
56.0,56,333.415045
72.0,72,342.938555
56.0,56,342.970559
40.0,40,342.992558
97.0,97,343.046559
62.0,62,343.081559
142.0,142,343.163558
72.0,72,343.203558
86.0,86,343.250557
65.0,65,343.286512
83.0,83,343.331509
41.0,41,352.85275
47.0,47,352.878749
66.0,66,352.918751
163.0,163,353.008752
49.0,49,353.03675
61.0,61,353.07075
72.0,72,353.11175
117.0,117,353.18075
55.0,55,353.21175
53.0,53,353.24075
67.0,67,362.818147
65.0,65,362.854146
70.0,70,362.893683
89.0,89,362.943197
47.0,47,362.970197
59.0,59,363.00332
41.0,41,363.02632
95.0,95,363.079455
65.0,65,363.115456
55.0,55,363.146456
115.0,115,372.666731
97.0,97,372.720732
76.0,76,372.762732
55.0,55,372.793732
72.0,72,372.833731
62.0,62,372.868733
127.0,127,372.938732
52.0,52,372.966733
48.0,48,372.993732
139.0,139,373.070732
44.0,44,382.565469
32.0,32,382.583471
59.0,59,382.615469
139.0,139,382.690468
48.0,48,382.717469
68.0,68,382.75547
33.0,33,382.773471
61.0,61,382.807472
104.0,104,382.86547
60.0,60,382.899471
65.0,65,392.472006
49.0,49,392.499005
47.0,47,392.525004
101.0,101,392.580006
61.0,61,392.615006
99.0,99,392.669006
43.0,43,392.693006
33.0,33,392.711031
127.0,127,392.783007
64.0,64,392.818006
65.0,65,402.380876
41.0,41,402.403876
146.0,146,402.483876
41.0,41,402.506876
57.0,57,402.538876
43.0,43,402.561876
101.0,101,402.617877
99.0,99,402.674549
40.0,40,402.697548
109.0,109,402.758548
67.0,67,412.297664
110.0,110,412.361664
58.0,58,412.400663
40.0,40,412.429664
47.0,47,412.456665
38.0,38,412.477665
35.0,35,412.496664
65.0,65,412.532663
67.0,67,412.570664
79.0,79,412.615664
39.0,39,422.147676
113.0,113,422.208675
97.0,97,422.261674
46.0,46,422.287674
119.0,119,422.353677
45.0,45,422.378676
49.0,49,422.406675
62.0,62,422.441676
43.0,43,422.466676
56.0,56,422.499677
75.0,75,432.079746
125.0,125,432.149735
77.0,77,432.192559
264.0,264,432.343562
119.0,119,432.41256
37.0,37,432.433562
49.0,49,432.461561
51.0,51,432.491561
67.0,67,432.52856
67.0,67,432.56756
73.0,73,440.104312
63.0,63,440.119313
59.0,59,440.135313
64.0,64,440.151315
116.0,116,440.177315
55.0,55,440.191314
90.0,90,440.213313
73.0,73,440.230315
112.0,112,440.258314
40.0,40,440.267315
146.0,146,444.878915
31.0,31,444.885913
103.0,103,444.909915
76.0,76,444.927914
45.0,45,444.937913
57.0,57,444.951913
96.0,96,444.973914
60.0,60,444.987915
144.0,144,445.021914
71.0,71,445.038914
61.0,61,449.614102
61.0,61,449.628102
60.0,60,449.643102
73.0,73,449.660105
60.0,60,449.675102
67.0,67,449.690104
40.0,40,449.700105
45.0,45,449.711103
49.0,49,449.722102
61.0,61,449.736103
56.0,56,454.338103
55.0,55,454.352104
62.0,62,454.367102
51.0,51,454.380104
106.0,106,454.405102
59.0,59,454.420102
79.0,79,454.438102
99.0,99,454.462102
53.0,53,454.475102
42.0,42,454.485102
68.0,68,459.292948
54.0,54,459.304948
104.0,104,459.328949
39.0,39,459.338948
109.0,109,459.364949
64.0,64,459.37995
64.0,64,459.39395
63.0,63,459.408947
47.0,47,459.41995
107.0,107,459.444949
44.0,44,464.146542
87.0,87,464.166513
43.0,43,464.176513
40.0,40,464.186514
131.0,131,464.217515
46.0,46,464.228514
57.0,57,464.24164
78.0,78,464.259591
61.0,61,464.273581
149.0,149,464.308581
61.0,61,468.900801
53.0,53,468.9138
56.0,56,468.926801
45.0,45,468.936799
98.0,98,468.960397
60.0,60,468.974399
62.0,62,468.989398
58.0,58,469.003398
90.0,90,469.024399
81.0,81,469.044398
215.0,215,473.809775
45.0,45,473.820774
42.0,42,473.830775
46.0,46,473.842774
38.0,38,473.851774
62.0,62,473.865774
74.0,74,473.906779
115.0,115,473.934774
48.0,48,473.946776
41.0,41,473.956774
69.0,69,478.608231
39.0,39,478.619232
54.0,54,478.633234
41.0,41,478.643234
197.0,197,478.693231
74.0,74,478.711231
40.0,40,478.721231
85.0,85,478.742232
58.0,58,478.758231
48.0,48,478.769232
75.0,75,483.425751
63.0,63,483.440751
185.0,185,483.48375
61.0,61,483.497749
136.0,136,483.52975
63.0,63,483.54475
77.0,77,483.56375
66.0,66,483.57875
46.0,46,483.589749
44.0,44,483.599749
59.0,59,488.263864
51.0,51,488.275864
49.0,49,488.286864
95.0,95,488.309865
50.0,50,488.322865
44.0,44,488.332864
173.0,173,488.373864
123.0,123,488.401865
103.0,103,488.425864
49.0,49,488.436864
77.0,77,493.124521
45.0,45,493.13552
133.0,133,493.167522
72.0,72,493.18552
49.0,49,493.19752
46.0,46,493.208524
77.0,77,493.226522
47.0,47,493.23752
66.0,66,493.25352
65.0,65,493.268523
93.0,93,497.989356
56.0,56,498.003357
37.0,37,498.013355
79.0,79,498.032357
69.0,69,498.049829
49.0,49,498.062544
160.0,160,498.100543
58.0,58,498.115542
129.0,129,498.150543
43.0,43,498.162543
62.0,62,502.940972
62.0,62,502.956754
55.0,55,502.970755
44.0,44,502.980755
57.0,57,502.993753
63.0,63,503.009755
39.0,39,503.018754
40.0,40,503.027755
50.0,50,503.039754
70.0,70,503.056289
52.0,52,507.751679
306.0,306,507.825679
41.0,41,507.83568
85.0,85,507.855679
55.0,55,507.86868
78.0,78,507.886679
37.0,37,507.895679
49.0,49,507.907679
43.0,43,507.917679
39.0,39,507.926678
50.0,50,512.550638
89.0,89,512.575638
35.0,35,512.584638
40.0,40,512.594638
55.0,55,512.607637
34.0,34,512.616638
56.0,56,512.629638
133.0,133,512.660638
47.0,47,512.671638
53.0,53,512.684637
72.0,72,517.224639
35.0,35,517.232638
56.0,56,517.246638
41.0,41,517.255638
84.0,84,517.275639
39.0,39,517.288641
71.0,71,517.305638
42.0,42,517.315637
55.0,55,517.327638
40.0,40,517.337639
127.0,127,522.099825
59.0,59,522.114825
68.0,68,522.131825
39.0,39,522.141825
72.0,72,522.158824
53.0,53,522.171825
42.0,42,522.181824
53.0,53,522.194824
101.0,101,522.217824
92.0,92,522.239825
53.0,53,526.930574
81.0,81,526.951576
36.0,36,526.960574
59.0,59,526.974574
55.0,55,526.987576
48.0,48,526.999575
37.0,37,527.007575
75.0,75,527.024832
46.0,46,527.035832
82.0,82,527.054832
37.0,37,531.828803
45.0,45,531.839803
40.0,40,531.849803
73.0,73,531.867804
44.0,44,531.878803
53.0,53,531.891803
61.0,61,531.906803
51.0,51,531.919804
43.0,43,531.93005
39.0,39,531.93857
37.0,37,536.606462
34.0,34,536.613461
41.0,41,536.623462
68.0,68,536.639825
41.0,41,536.649823
55.0,55,536.662824
62.0,62,536.676823
58.0,58,536.689823
43.0,43,536.700823
54.0,54,536.712823
31.0,31,541.3209
66.0,66,541.3369
52.0,52,541.3499
35.0,35,541.357902
98.0,98,541.3809
55.0,55,541.393901
75.0,75,541.4109
32.0,32,541.419901
43.0,43,541.430902
48.0,48,541.4419
31.0,31,546.097372
34.0,34,546.105369
41.0,41,546.115369
38.0,38,546.123369
45.0,45,546.134369
49.0,49,546.145369
44.0,44,546.157372
41.0,41,546.167371
51.0,51,546.179369
60.0,60,546.19337
45.0,45,550.777438
44.0,44,550.787439
52.0,52,550.800436
42.0,42,550.809436
47.0,47,550.820436
47.0,47,550.831436
75.0,75,550.849436
36.0,36,550.857438
92.0,92,550.879436
77.0,77,550.897438
44.0,44,555.450436
37.0,37,555.459436
32.0,32,555.466436
53.0,53,555.478436
32.0,32,555.486437
33.0,33,555.493437
46.0,46,555.504436
85.0,85,555.523436
34.0,34,555.531436
32.0,32,555.540436
52.0,52,560.048436
70.0,70,560.064438
37.0,37,560.072436
36.0,36,560.081436
30.0,30,560.087439
41.0,41,560.097438
34.0,34,560.105436
47.0,47,560.115436
45.0,45,560.126436
56.0,56,560.139436
36.0,36,564.694102
35.0,35,564.703102
32.0,32,564.710102
38.0,38,564.719102
38.0,38,564.727104
49.0,49,564.739093
40.0,40,564.748093
57.0,57,564.761093
42.0,42,564.771093
39.0,39,564.781094
42.0,42,569.324445
58.0,58,569.339447
37.0,37,569.348445
30.0,30,569.355445
77.0,77,569.372445
34.0,34,569.380445
52.0,52,569.393445
44.0,44,569.403445
65.0,65,569.419447
61.0,61,569.433445
47.0,47,574.033756
36.0,36,574.042756
32.0,32,574.049756
36.0,36,574.058756
70.0,70,574.074756
39.0,39,574.083756
39.0,39,574.093344
33.0,33,574.101344
62.0,62,574.115344
49.0,49,574.127347
31.0,31,578.683633
55.0,55,578.695633
36.0,36,578.704633
38.0,38,578.713633
53.0,53,578.725636
67.0,67,578.740633
41.0,41,578.749633
67.0,67,578.765633
40.0,40,578.774633
31.0,31,578.781633
54.0,54,583.360707
53.0,53,583.372706
41.0,41,583.382707
42.0,42,583.392707
68.0,68,583.408709
44.0,44,583.418706
34.0,34,583.427708
59.0,59,583.442708
49.0,49,583.455707
28.0,28,583.462708
40.0,40,588.068247
42.0,42,588.078247
39.0,39,588.088247
30.0,30,588.095247
39.0,39,588.106247
36.0,36,588.116247
34.0,34,588.125247
46.0,46,588.136249
50.0,50,588.149247
42.0,42,588.159249
38.0,38,592.826033
49.0,49,592.839031
32.0,32,592.847031
46.0,46,592.858031
63.0,63,592.873033
32.0,32,592.88103
40.0,40,592.892032
52.0,52,592.905032
63.0,63,592.921031
45.0,45,592.932032
41.0,41,597.559424
49.0,49,597.570426
32.0,32,597.578424
44.0,44,597.588424
30.0,30,597.595424
57.0,57,597.609424
57.0,57,597.623423
44.0,44,597.633424
69.0,69,597.649423
54.0,54,597.661423
67.0,67,602.388121
29.0,29,602.395121
64.0,64,602.409121
32.0,32,602.417121
56.0,56,602.430123
39.0,39,602.439121
65.0,65,602.454123
51.0,51,602.467123
31.0,31,602.474123
28.0,28,602.48012
54.0,54,607.238322
70.0,70,607.255322
40.0,40,607.266322
62.0,62,607.281322
36.0,36,607.289322
52.0,52,607.302322
66.0,66,607.318322
30.0,30,607.326322
56.0,56,607.343322
37.0,37,607.353322
43.0,43,612.150321
38.0,38,612.159322
47.0,47,612.171321
53.0,53,612.184322
62.0,62,612.201322
30.0,30,612.208326
48.0,48,612.223324
46.0,46,612.234322
51.0,51,612.248322
49.0,49,612.261321
54.0,54,616.912322
32.0,32,616.919321
45.0,45,616.930321
36.0,36,616.938321
45.0,45,616.948322
44.0,44,616.959321
32.0,32,616.966321
63.0,63,616.981322
65.0,65,616.996322
40.0,40,617.010324
54.0,54,621.638321
50.0,50,621.649323
38.0,38,621.658321
41.0,41,621.668321
38.0,38,621.677323
45.0,45,621.687321
58.0,58,621.700323
52.0,52,621.713321
54.0,54,621.725323
38.0,38,621.734322
35.0,35,626.29748
37.0,37,626.306481
56.0,56,626.320479
34.0,34,626.32748
43.0,43,626.33848
59.0,59,626.35148
42.0,42,626.36148
38.0,38,626.37048
42.0,42,626.38048
52.0,52,626.39248
41.0,41,630.972939
50.0,50,630.98494
40.0,40,630.993938
32.0,32,631.001938
54.0,54,631.014939
42.0,42,631.023938
50.0,50,631.036938
55.0,55,631.050396
57.0,57,631.063132
40.0,40,631.073132
40.0,40,635.719356
47.0,47,635.731354
26.0,26,635.737355
32.0,32,635.745357
45.0,45,635.755357
35.0,35,635.763354
51.0,51,635.775356
44.0,44,635.785354
46.0,46,635.796356
46.0,46,635.807356
,527.928416
82.0,82,528.327659
103.0,103,528.840406
47.0,47,529.060511
45.0,45,529.27251
65.0,65,529.584304
47.0,47,529.808913
44.0,44,530.009932
41.0,41,530.20879
51.0,51,530.442999
57.0,57,530.705976
39.0,39,530.895974
64.0,64,531.190108
59.0,59,531.475802
41.0,41,531.678805
79.0,79,532.202115
45.0,45,532.411114
35.0,35,532.573662
51.0,51,532.800202
74.0,74,533.131201
42.0,42,533.323201
51.0,51,533.581482
48.0,48,533.806752
40.0,40,534.01095
31.0,31,534.158051
42.0,42,534.3506
42.0,42,534.540535
37.0,37,534.706658
59.0,59,534.976386
63.0,63,535.269529
43.0,43,535.472953
60.0,60,535.754766
34.0,34,535.916766
34.0,34,536.076463
32.0,32,536.226462
32.0,32,536.375464
41.0,41,536.561462
46.0,46,536.885823
77.0,77,537.241823
125.0,125,537.80592
39.0,39,537.981007
43.0,43,538.195007
56.0,56,538.461009
77.0,77,538.820008
44.0,44,539.023008
48.0,48,539.238965
65.0,65,539.529963
44.0,44,539.727248
49.0,49,539.947246
54.0,54,540.194247
37.0,37,540.365245
34.0,34,540.523245
61.0,61,540.812248
66.0,66,541.118902
85.0,85,541.6479
34.0,34,541.829901
67.0,67,542.152901
51.0,51,542.3879
81.0,81,542.768902
48.0,48,542.987901
48.0,48,543.2049
43.0,43,543.408901
32.0,32,543.5659
36.0,36,543.731901
95.0,95,544.166901
33.0,33,544.3209
42.0,42,544.5129
45.0,45,544.716369
41.0,41,544.905371
43.0,43,545.10237
37.0,37,545.270369
59.0,59,545.538371
57.0,57,545.796369
40.0,40,545.982369
77.0,77,546.441369
90.0,90,546.853369
44.0,44,547.060369
73.0,73,547.395369
46.0,46,547.609369
60.0,60,547.881369
29.0,29,548.010369
29.0,29,548.144436
44.0,44,548.348438
39.0,39,548.532436
38.0,38,548.704435
33.0,33,548.850436
43.0,43,549.045437
41.0,41,549.228438
42.0,42,549.417436
50.0,50,549.640436
48.0,48,549.860436
66.0,66,550.162436
32.0,32,550.308437
90.0,90,550.727436
61.0,61,551.141436
57.0,57,551.405438
67.0,67,551.710436
33.0,33,551.875436
56.0,56,552.128437
52.0,52,552.363436
36.0,36,552.524436
58.0,58,552.786436
44.0,44,552.986437
41.0,41,553.171436
36.0,36,553.334437
56.0,56,553.589437
53.0,53,553.829437
39.0,39,554.003436
55.0,55,554.249437
65.0,65,554.541436
32.0,32,554.684436
35.0,35,554.840436
71.0,71,555.161437
60.0,60,555.435436
107.0,107,556.024438
40.0,40,556.207436
53.0,53,556.446436
67.0,67,556.748438
42.0,42,556.941436
48.0,48,557.160436
76.0,76,557.496436
57.0,57,557.753437
57.0,57,558.009436
100.0,100,558.456437
32.0,32,558.597436
44.0,44,558.795436
64.0,64,559.078438
34.0,34,559.231436
53.0,53,559.469436
33.0,33,559.615436
46.0,46,559.824438
43.0,43,560.017437
49.0,49,560.345438
56.0,56,560.602436
45.0,45,560.803437
39.0,39,560.977446
64.0,64,561.263464
51.0,51,561.495485
41.0,41,561.680494
63.0,63,561.98253
36.0,36,562.14555
46.0,46,562.354569
44.0,44,562.555164
67.0,67,562.857187
41.0,41,563.047154
49.0,49,563.269154
40.0,40,563.446133
52.0,52,563.682118
111.0,111,564.183095
91.0,91,564.603112
36.0,36,564.868094
52.0,52,565.106092
33.0,33,565.254075
42.0,42,565.441063
52.0,52,565.676058
42.0,42,565.876077
41.0,41,566.066084
37.0,37,566.235063
36.0,36,566.402054
38.0,38,566.574064
53.0,53,566.814061
61.0,61,567.09394
40.0,40,567.272031
37.0,37,567.438029
36.0,36,567.600033
67.0,67,567.897002
36.0,36,568.060972
35.0,35,568.220012
53.0,53,568.458142
34.0,34,568.612423
32.0,32,568.756006
62.0,62,569.031444
33.0,33,569.176444
44.0,44,569.504444
30.0,30,569.653448
31.0,31,569.803009
59.0,59,570.06901
46.0,46,570.278011
30.0,30,570.417011
62.0,62,570.698011
64.0,64,570.987577
44.0,44,571.185577
42.0,42,571.378576
38.0,38,571.549575
51.0,51,571.779577
48.0,48,572.013268
38.0,38,572.183421
53.0,53,572.420005
33.0,33,572.570511
40.0,40,572.753453
48.0,48,572.972482
60.0,60,573.250756
48.0,48,573.469759
61.0,61,573.764757
49.0,49,573.981757
42.0,42,574.276357
53.0,53,574.525873
59.0,59,574.790857
37.0,37,574.960857
38.0,38,575.133854
75.0,75,575.473864
51.0,51,575.704829
45.0,45,575.903821
54.0,54,576.144829
48.0,48,576.358809
42.0,42,576.556057
51.0,51,576.797057
60.0,60,577.075056
33.0,33,577.224057
46.0,46,577.435061
54.0,54,577.687056
80.0,80,578.049056
49.0,49,578.267056
43.0,43,578.463634
34.0,34,578.615633
52.0,52,578.952633
31.0,31,579.094633
48.0,48,579.308634
49.0,49,579.525638
53.0,53,579.763208
60.0,60,580.030208
41.0,41,580.220209
48.0,48,580.446208
59.0,59,580.709208
45.0,45,580.916208
39.0,39,581.099209
46.0,46,581.317211
51.0,51,581.559208
41.0,41,581.748208
31.0,31,581.89221
49.0,49,582.128208
54.0,54,582.374706
49.0,49,582.599706
45.0,45,582.796706
83.0,83,583.170708
43.0,43,583.483706
31.0,31,583.623706
32.0,32,583.768707
29.0,29,583.897708
50.0,50,584.120708
92.0,92,584.537709
93.0,93,584.953706
41.0,41,585.134708
45.0,45,585.352706
58.0,58,585.618707
39.0,39,585.801708
46.0,46,586.007708
35.0,35,586.164706
39.0,39,586.350708
49.0,49,586.577708
70.0,70,586.894708
55.0,55,587.152706
50.0,50,587.377708
42.0,42,587.568707
47.0,47,587.791707
34.0,34,587.960707
55.0,55,588.330439
43.0,43,588.528439
47.0,47,588.740439
45.0,45,588.938439
37.0,37,589.112439
36.0,36,589.276031
78.0,78,589.65503
69.0,69,589.975031
31.0,31,590.116031
39.0,39,590.306031
50.0,50,590.552033
44.0,44,590.749031
78.0,78,591.105031
41.0,41,591.289031
45.0,45,591.501032
39.0,39,591.679031
44.0,44,591.881031
50.0,50,592.121032
36.0,36,592.297033
35.0,35,592.468033
50.0,50,592.698031
39.0,39,593.003031
75.0,75,593.346033
39.0,39,593.532731
42.0,42,593.726576
44.0,44,593.927806
35.0,35,594.084829
47.0,47,594.293897
52.0,52,594.529004
42.0,42,594.714562
65.0,65,595.018434
32.0,32,595.167363
56.0,56,595.420894
68.0,68,595.737482
38.0,38,595.905636
46.0,46,596.126839
56.0,56,596.398839
42.0,42,596.600424
60.0,60,596.879423
40.0,40,597.062424
80.0,80,597.431423
66.0,66,597.844424
55.0,55,598.097797
30.0,30,598.241796
64.0,64,598.536796
41.0,41,598.728796
62.0,62,599.008796
36.0,36,599.175795
34.0,34,599.360795
61.0,61,599.676238
39.0,39,599.8714
46.0,46,600.087959
49.0,49,600.309959
107.0,107,600.786961
73.0,73,601.128549
58.0,58,601.397549
29.0,29,601.531551
51.0,51,601.781548
46.0,46,601.995121
34.0,34,602.161122
32.0,32,602.318121
44.0,44,602.628121
33.0,33,602.78712
32.0,32,602.939121
48.0,48,603.157122
32.0,32,603.316121
43.0,43,603.531121
51.0,51,603.774121
56.0,56,604.091697
41.0,41,604.283696
47.0,47,604.498696
111.0,111,604.991696
54.0,54,605.234806
37.0,37,605.405806
48.0,48,605.630806
36.0,36,605.795807
58.0,58,606.068686
48.0,48,606.289686
52.0,52,606.532686
79.0,79,606.909687
38.0,38,607.115788
30.0,30,607.390323
36.0,36,607.56232
39.0,39,607.751322
34.0,34,607.911324
48.0,48,608.140321
54.0,54,608.448324
30.0,30,608.594323
32.0,32,608.747322
40.0,40,608.949322
35.0,35,609.130321
32.0,32,609.277323
30.0,30,609.419321
42.0,42,609.611323
41.0,41,609.806322
26.0,26,609.924321
36.0,36,610.090321
33.0,33,610.245322
47.0,47,610.459322
46.0,46,610.67432
40.0,40,610.866321
36.0,36,611.030321
36.0,36,611.197323
57.0,57,611.461323
32.0,32,611.619323
39.0,39,611.803321
59.0,59,612.081321
59.0,59,612.474321
32.0,32,612.623323
48.0,48,612.843322
37.0,37,613.014322
35.0,35,613.179323
48.0,48,613.403324
29.0,29,613.536324
62.0,62,613.823325
54.0,54,614.068321
28.0,28,614.194321
43.0,43,614.395326
32.0,32,614.546322
45.0,45,614.753322
51.0,51,614.988322
33.0,33,615.139322
35.0,35,615.297323
30.0,30,615.432321
65.0,65,615.733321
35.0,35,615.892321
46.0,46,616.132321
79.0,79,616.494321
42.0,42,616.686321
43.0,43,616.899321
72.0,72,617.358321
48.0,48,617.578324
57.0,57,617.847322
56.0,56,618.101322
44.0,44,618.303321
34.0,34,618.46332
56.0,56,618.732321
46.0,46,618.944321
66.0,66,619.239321
37.0,37,619.404321
40.0,40,619.584321
45.0,45,619.784321
51.0,51,620.020321
32.0,32,620.167321
32.0,32,620.318321
53.0,53,620.569321
35.0,35,620.734321
49.0,49,620.965321
120.0,120,621.508322
39.0,39,621.795321
39.0,39,621.973321
49.0,49,622.191322
36.0,36,622.367996
32.0,32,622.513996
39.0,39,622.692015
66.0,66,622.993034
42.0,42,623.183912
38.0,38,623.36548
40.0,40,623.55348
34.0,34,623.706482
48.0,48,623.92348
50.0,50,624.15448
57.0,57,624.40948
57.0,57,624.66448
37.0,37,624.82848
48.0,48,625.05148
35.0,35,625.20748
56.0,56,625.464481
57.0,57,625.718481
38.0,38,625.88848
38.0,38,626.06148
50.0,50,626.290481
50.0,50,626.63248
55.0,55,626.888481
28.0,28,627.016483
116.0,116,627.548482
46.0,46,627.753481
40.0,40,627.939481
35.0,35,628.10048
33.0,33,628.25348
48.0,48,628.476482
93.0,93,628.89348
45.0,45,629.09448
34.0,34,629.246482
46.0,46,629.460481
36.0,36,629.62448
39.0,39,629.80048
109.0,109,630.30248
103.0,103,630.772337
46.0,46,631.088132
40.0,40,631.274131
47.0,47,631.489132
112.0,112,632.001132
29.0,29,632.136132
35.0,35,632.302135
46.0,46,632.529132
43.0,43,632.723132
40.0,40,632.909354
53.0,53,633.145354
34.0,34,633.306358
52.0,52,633.545355
56.0,56,633.803356
42.0,42,633.991354
48.0,48,634.210355
42.0,42,634.400355
36.0,36,634.571354
42.0,42,634.778356
38.0,38,634.959356
34.0,34,635.120356
45.0,45,635.335357
74.0,74,635.673355
48.0,48,635.991354
52.0,52,636.232354
50.0,50,636.459356
48.0,48,636.687357
58.0,58,636.951354
69.0,69,637.264354
36.0,36,637.425356
40.0,40,637.603355
38.0,38,637.781354
40.0,40,637.962356
47.0,47,638.173355
39.0,39,638.361354
34.0,34,638.520915
43.0,43,638.722168
52.0,52,638.964169
48.0,48,639.18817
46.0,46,639.402168
38.0,38,639.577168
47.0,47,639.792572
72.0,72,640.119572
